# lat,lon,tnum,Layer_1_depth,Layer_2_depth
7.802865433333333556e+01,6.855657716666665635e+01,1.000000000000000000e+00,nan,nan
7.802867150515854178e+01,6.855666907305239022e+01,2.000000000000000000e+00,8.071440000000000055e+02,nan
7.802868466995509777e+01,6.855677409472147588e+01,3.000000000000000000e+00,8.078199999999999363e+02,nan
7.802868821558438128e+01,6.855689732569959460e+01,4.000000000000000000e+00,8.078199999999999363e+02,nan
7.802869658467599834e+01,6.855696875157833858e+01,5.000000000000000000e+00,8.084959999999999809e+02,nan
7.802871675411898877e+01,6.855689778293404402e+01,6.000000000000000000e+00,8.084959999999999809e+02,nan
7.802874091204608931e+01,6.855684552424769151e+01,7.000000000000000000e+00,8.051159999999999854e+02,nan
7.802876188387838852e+01,6.855677023224322397e+01,8.000000000000000000e+00,8.051159999999999854e+02,nan
7.802877084226811633e+01,6.855683843936236599e+01,9.000000000000000000e+00,8.051159999999999854e+02,nan
7.802875770505933417e+01,6.855694575634217358e+01,1.000000000000000000e+01,8.051159999999999854e+02,nan
7.802873591400503983e+01,6.855701427027887007e+01,1.100000000000000000e+01,8.051159999999999854e+02,nan
7.802871075191463035e+01,6.855701442779729859e+01,1.200000000000000000e+01,8.051159999999999854e+02,nan
7.802869465734693222e+01,6.855696570196019479e+01,1.300000000000000000e+01,8.051159999999999854e+02,nan
7.802867251426246753e+01,6.855703915672697235e+01,1.400000000000000000e+01,8.051159999999999854e+02,nan
7.802865177991944279e+01,6.855712051439873278e+01,1.500000000000000000e+01,8.051159999999999854e+02,nan
7.802864826297613376e+01,6.855724621383495787e+01,1.600000000000000000e+01,8.044399999999999409e+02,nan
7.802864124472336016e+01,6.855735873898163391e+01,1.700000000000000000e+01,8.044399999999999409e+02,nan
7.802862515921727038e+01,6.855746251114234724e+01,1.800000000000000000e+01,8.044399999999999409e+02,nan
7.802860602655830746e+01,6.855755306401114524e+01,1.900000000000000000e+01,8.044399999999999409e+02,nan
7.802858794718160595e+01,6.855764880696901287e+01,2.000000000000000000e+01,8.044399999999999409e+02,nan
7.802857062709045977e+01,6.855774731005107014e+01,2.100000000000000000e+01,8.044399999999999409e+02,nan
7.802854629730167346e+01,6.855780240525018598e+01,2.200000000000000000e+01,8.044399999999999409e+02,nan
7.802853289017849647e+01,6.855791361758284097e+01,2.300000000000000000e+01,8.044399999999999409e+02,nan
7.802851400638405721e+01,6.855800576924077916e+01,2.400000000000000000e+01,8.044399999999999409e+02,nan
7.802849266054106181e+01,6.855808451809400594e+01,2.500000000000000000e+01,8.044399999999999409e+02,nan
7.802847341850480234e+01,6.855817480235414507e+01,2.600000000000000000e+01,8.044399999999999409e+02,nan
7.802845478380258726e+01,6.855826816795428158e+01,2.700000000000000000e+01,8.044399999999999409e+02,nan
7.802843815472419919e+01,6.855836939464239776e+01,2.800000000000000000e+01,8.044399999999999409e+02,nan
7.802842401195660216e+01,6.855847933919415027e+01,2.900000000000000000e+01,8.051159999999999854e+02,nan
7.802841177026731145e+01,6.855859468311091121e+01,3.000000000000000000e+01,8.051159999999999854e+02,nan
7.802839673456026048e+01,6.855870068302697007e+01,3.100000000000000000e+01,8.044399999999999409e+02,nan
7.802837893588403517e+01,6.855879762759656160e+01,3.200000000000000000e+01,8.030879999999999654e+02,nan
7.802836333619961806e+01,6.855890313818927950e+01,3.300000000000000000e+01,8.030879999999999654e+02,nan
7.802834606523337868e+01,6.855900215242327533e+01,3.400000000000000000e+01,8.030879999999999654e+02,nan
7.802832575580045216e+01,6.855908155065165488e+01,3.500000000000000000e+01,8.024119999999999209e+02,nan
7.802830228412393865e+01,6.855914454313955275e+01,3.600000000000000000e+01,8.024119999999999209e+02,nan
7.802828269431864783e+01,6.855923026494694739e+01,3.700000000000000000e+01,8.024119999999999209e+02,nan
7.802826550708394393e+01,6.855932978923176790e+01,3.800000000000000000e+01,8.024119999999999209e+02,nan
7.802824701482799696e+01,6.855942381955138387e+01,3.900000000000000000e+01,8.024119999999999209e+02,nan
7.802822338416453363e+01,6.855947827968577712e+01,4.000000000000000000e+01,8.024119999999999209e+02,nan
7.802821380030003695e+01,6.855958499489500468e+01,4.100000000000000000e+01,8.024119999999999209e+02,nan
7.802820546202119090e+01,6.855970304712904806e+01,4.200000000000000000e+01,8.024119999999999209e+02,nan
7.802818516952631001e+01,6.855978756351902348e+01,4.300000000000000000e+01,8.024119999999999209e+02,nan
7.802816453145153730e+01,6.855986976161027258e+01,4.400000000000000000e+01,8.017359999999999900e+02,nan
7.802814304183887373e+01,6.855994533905405319e+01,4.500000000000000000e+01,8.017359999999999900e+02,nan
7.802812248698751318e+01,6.856002726783368928e+01,4.600000000000000000e+01,8.017359999999999900e+02,nan
7.802810318316066684e+01,6.856011742412758281e+01,4.700000000000000000e+01,8.017359999999999900e+02,nan
7.802808304972320741e+01,6.856020205558077407e+01,4.800000000000000000e+01,8.010599999999999454e+02,nan
7.802805876283815678e+01,6.856025758653153446e+01,4.900000000000000000e+01,8.010599999999999454e+02,nan
7.802803899442788804e+01,6.856034365520498852e+01,5.000000000000000000e+01,8.010599999999999454e+02,nan
7.802801945933960326e+01,6.856043209441351394e+01,5.100000000000000000e+01,8.010599999999999454e+02,nan
7.802799747516624507e+01,6.856050664943619211e+01,5.200000000000000000e+01,8.010599999999999454e+02,nan
7.802798370861233934e+01,6.856061545128949319e+01,5.300000000000000000e+01,8.010599999999999454e+02,nan
7.802796678954538834e+01,6.856071211838144563e+01,5.400000000000000000e+01,8.010599999999999454e+02,nan
7.802794608926649289e+01,6.856079446364657315e+01,5.500000000000000000e+01,8.010599999999999454e+02,nan
7.802792747734632428e+01,6.856088794149280830e+01,5.600000000000000000e+01,8.010599999999999454e+02,nan
7.802790784328776397e+01,6.856097622739392250e+01,5.700000000000000000e+01,8.010599999999999454e+02,nan
7.802788943591184534e+01,6.856106891550348337e+01,5.800000000000000000e+01,8.010599999999999454e+02,nan
7.802787893206537717e+01,6.856118673132050390e+01,5.900000000000000000e+01,8.010599999999999454e+02,nan
7.802787068408515836e+01,6.856130881100189356e+01,6.000000000000000000e+01,8.010599999999999454e+02,nan
7.802785102146653173e+01,6.856139540558774570e+01,6.100000000000000000e+01,8.003840000000000146e+02,nan
7.802783219291652017e+01,6.856148603716515311e+01,6.200000000000000000e+01,8.003840000000000146e+02,nan
7.802781004980730017e+01,6.856155612548174361e+01,6.300000000000000000e+01,8.003840000000000146e+02,nan
7.802778370653624052e+01,6.856157471904037948e+01,6.400000000000000000e+01,8.003840000000000146e+02,nan
7.802775863157654612e+01,6.856161312163514765e+01,6.500000000000000000e+01,7.997079999999999700e+02,nan
7.802774114922011961e+01,6.856171149742330329e+01,6.600000000000000000e+01,7.997079999999999700e+02,nan
7.802771962791027249e+01,6.856178912403841252e+01,6.700000000000000000e+01,7.997079999999999700e+02,nan
7.802769912007384789e+01,6.856187247022327824e+01,6.800000000000000000e+01,7.997079999999999700e+02,nan
7.802767984116911748e+01,6.856196275192351663e+01,6.900000000000000000e+01,7.990319999999999254e+02,nan
7.802766177007273996e+01,6.856205850389436307e+01,7.000000000000000000e+01,7.990319999999999254e+02,nan
7.802764374335609432e+01,6.856215457148874748e+01,7.100000000000000000e+01,7.990319999999999254e+02,nan
7.802762538963261818e+01,6.856224922457739979e+01,7.200000000000000000e+01,7.990319999999999254e+02,nan
7.802760688066427974e+01,6.856234317354773111e+01,7.300000000000000000e+01,7.997079999999999700e+02,nan
7.802759048362464966e+01,6.856244563899984712e+01,7.400000000000000000e+01,7.997079999999999700e+02,nan
7.802757307560754896e+01,6.856254399378342157e+01,7.500000000000000000e+01,7.997079999999999700e+02,nan
7.802755437311108722e+01,6.856263704106865475e+01,7.600000000000000000e+01,7.997079999999999700e+02,nan
7.802753608808816921e+01,6.856273176518195100e+01,7.700000000000000000e+01,7.997079999999999700e+02,nan
7.802751924264251215e+01,6.856283272168037968e+01,7.800000000000000000e+01,7.997079999999999700e+02,nan
7.802749936373777473e+01,6.856291968495369815e+01,7.900000000000000000e+01,7.997079999999999700e+02,nan
7.802748130985493447e+01,6.856301507816775143e+01,8.000000000000000000e+01,7.997079999999999700e+02,nan
7.802746439978585613e+01,6.856311578200023860e+01,8.100000000000000000e+01,7.997079999999999700e+02,nan
7.802744736240222778e+01,6.856321598705652320e+01,8.200000000000000000e+01,7.997079999999999700e+02,nan
7.802742529762211632e+01,6.856328920695490581e+01,8.300000000000000000e+01,7.997079999999999700e+02,nan
7.802740245940378827e+01,6.856335747611204567e+01,8.400000000000000000e+01,7.997079999999999700e+02,nan
7.802737939925793853e+01,6.856342402593007535e+01,8.500000000000000000e+01,7.997079999999999700e+02,nan
7.802735692032017312e+01,6.856349506785603865e+01,8.600000000000000000e+01,7.997079999999999700e+02,nan
7.802733685633512550e+01,6.856357966751841104e+01,8.700000000000000000e+01,7.997079999999999700e+02,nan
7.802731889304068602e+01,6.856367604271900973e+01,8.800000000000000000e+01,7.997079999999999700e+02,nan
7.802730096786532954e+01,6.856377258259199436e+01,8.900000000000000000e+01,8.003840000000000146e+02,nan
7.802727721898695279e+01,6.856383263014865292e+01,9.000000000000000000e+01,8.003840000000000146e+02,nan
7.802725474883114032e+01,6.856390318901806324e+01,9.100000000000000000e+01,8.003840000000000146e+02,nan
7.802723400283848321e+01,6.856398443509297636e+01,9.200000000000000000e+01,8.003840000000000146e+02,nan
7.802721650221822358e+01,6.856408276670300950e+01,9.300000000000000000e+01,8.003840000000000146e+02,nan
7.802719961500021384e+01,6.856418353183204317e+01,9.400000000000000000e+01,7.997079999999999700e+02,nan
7.802718281251739540e+01,6.856428452412546903e+01,9.500000000000000000e+01,7.997079999999999700e+02,nan
7.802716194615572931e+01,6.856436619461629789e+01,9.600000000000000000e+01,7.997079999999999700e+02,nan
7.802714109932512088e+01,6.856444798064025292e+01,9.700000000000000000e+01,8.003840000000000146e+02,nan
7.802712119123529533e+01,6.856453441427142081e+01,9.800000000000000000e+01,8.003840000000000146e+02,nan
7.802710371371095732e+01,6.856463284032952288e+01,9.900000000000000000e+01,8.003840000000000146e+02,nan
7.802708893023817893e+01,6.856474078177593867e+01,1.000000000000000000e+02,8.010599999999999454e+02,nan
7.802707591474616322e+01,6.856485389754892878e+01,1.010000000000000000e+02,8.010599999999999454e+02,nan
7.802706434235024346e+01,6.856497082241719454e+01,1.020000000000000000e+02,8.010599999999999454e+02,nan
7.802705440265985715e+01,6.856509116063757858e+01,1.030000000000000000e+02,8.017359999999999900e+02,nan
7.802703871968368787e+01,6.856519513682759737e+01,1.040000000000000000e+02,8.024119999999999209e+02,nan
7.802702199300995289e+01,6.856529646801531896e+01,1.050000000000000000e+02,8.030879999999999654e+02,nan
7.802700400450457607e+01,6.856539267083597622e+01,1.060000000000000000e+02,8.030879999999999654e+02,nan
7.802698539295768398e+01,6.856548613141841031e+01,1.070000000000000000e+02,8.037640000000000100e+02,nan
7.802696629753060620e+01,6.856557730892113511e+01,1.080000000000000000e+02,8.071440000000000055e+02,nan
7.802694543324736287e+01,6.856565881552036501e+01,1.090000000000000000e+02,8.078199999999999363e+02,nan
7.802692482433832311e+01,6.856574195847196052e+01,1.100000000000000000e+02,8.057919999999999163e+02,nan
7.802690334478286616e+01,6.856581942624957549e+01,1.110000000000000000e+02,8.057919999999999163e+02,nan
7.802688391192927497e+01,6.856590632850817713e+01,1.120000000000000000e+02,8.064679999999999609e+02,nan
7.802687294287740372e+01,6.856602348274378755e+01,1.130000000000000000e+02,8.071440000000000055e+02,nan
7.802686339916463965e+01,6.856614391043258649e+01,1.140000000000000000e+02,8.071440000000000055e+02,nan
7.802685125935956023e+01,6.856625948940322246e+01,1.150000000000000000e+02,8.084959999999999809e+02,nan
7.802683299376789705e+01,6.856635287704223458e+01,1.160000000000000000e+02,8.084959999999999809e+02,nan
7.802681504998102469e+01,6.856644859599531117e+01,1.170000000000000000e+02,8.118759999999999764e+02,nan
7.802679760342481075e+01,6.856654616740168251e+01,1.180000000000000000e+02,8.118759999999999764e+02,nan
7.802677715281696180e+01,6.856663024212291191e+01,1.190000000000000000e+02,8.125519999999999072e+02,nan
7.802675351009959570e+01,6.856669096356945658e+01,1.200000000000000000e+02,8.125519999999999072e+02,nan
7.802673680393446887e+01,6.856679244961928532e+01,1.210000000000000000e+02,8.125519999999999072e+02,nan
7.802672119462999945e+01,6.856689723237734313e+01,1.220000000000000000e+02,8.125519999999999072e+02,nan
7.802670982561026847e+01,6.856701453406913060e+01,1.230000000000000000e+02,8.125519999999999072e+02,nan
7.802668946917185622e+01,6.856705668340542559e+01,1.240000000000000000e+02,8.132279999999999518e+02,nan
7.802666301461317744e+01,6.856707682041833607e+01,1.250000000000000000e+02,8.132279999999999518e+02,nan
7.802663709422795080e+01,6.856711114851769651e+01,1.260000000000000000e+02,8.132279999999999518e+02,nan
7.802661628839982200e+01,6.856719066057203804e+01,1.270000000000000000e+02,8.132279999999999518e+02,nan
7.802660151144884537e+01,6.856729753099627089e+01,1.280000000000000000e+02,8.132279999999999518e+02,nan
7.802658816473066850e+01,6.856740997491607459e+01,1.290000000000000000e+02,8.132279999999999518e+02,nan
7.802656326381763563e+01,6.856743051395790189e+01,1.300000000000000000e+02,8.132279999999999518e+02,nan
7.802653929154212165e+01,6.856748899200732694e+01,1.310000000000000000e+02,8.132279999999999518e+02,nan
7.802651746958269996e+01,6.856756080357595806e+01,1.320000000000000000e+02,8.132279999999999518e+02,nan
7.802649857179041248e+01,6.856765285654923048e+01,1.330000000000000000e+02,8.132279999999999518e+02,nan
7.802648112939573366e+01,6.856775127747133070e+01,1.340000000000000000e+02,8.139039999999999964e+02,nan
7.802645926294387380e+01,6.856782637415911097e+01,1.350000000000000000e+02,8.139039999999999964e+02,nan
7.802643952342491218e+01,6.856791430474353888e+01,1.360000000000000000e+02,8.139039999999999964e+02,nan
7.802641979817931883e+01,6.856800230952475772e+01,1.370000000000000000e+02,8.139039999999999964e+02,nan
7.802640157008065103e+01,6.856809746169354014e+01,1.380000000000000000e+02,8.139039999999999964e+02,nan
7.802638612212913927e+01,6.856820346747703354e+01,1.390000000000000000e+02,8.139039999999999964e+02,nan
7.802637235941593019e+01,6.856831446157100629e+01,1.400000000000000000e+02,8.145799999999999272e+02,nan
7.802635974806821650e+01,6.856842885741798455e+01,1.410000000000000000e+02,8.145799999999999272e+02,nan
7.802634455449481266e+01,6.856853562439414418e+01,1.420000000000000000e+02,8.145799999999999272e+02,nan
7.802632725447247708e+01,6.856863373573442288e+01,1.430000000000000000e+02,8.145799999999999272e+02,nan
7.802630817381813699e+01,6.856872485578492160e+01,1.440000000000000000e+02,8.145799999999999272e+02,nan
7.802629324859975668e+01,6.856883042033797437e+01,1.450000000000000000e+02,8.139039999999999964e+02,nan
7.802628217267675836e+01,6.856894844056726868e+01,1.460000000000000000e+02,8.139039999999999964e+02,nan
7.802627253566340926e+01,6.856906936528274343e+01,1.470000000000000000e+02,8.152559999999999718e+02,nan
7.802626117012371765e+01,6.856918664830848797e+01,1.480000000000000000e+02,8.159320000000000164e+02,nan
7.802624883646778642e+01,6.856930170560738702e+01,1.490000000000000000e+02,8.152559999999999718e+02,nan
7.802623561796242768e+01,6.856941447118428812e+01,1.500000000000000000e+02,8.145799999999999272e+02,nan
7.802622158774458683e+01,6.856952495742000053e+01,1.510000000000000000e+02,8.139039999999999964e+02,nan
7.802620993682855044e+01,6.856964169281162924e+01,1.520000000000000000e+02,8.132279999999999518e+02,nan
7.802619960910242014e+01,6.856976111035727683e+01,1.530000000000000000e+02,8.132279999999999518e+02,nan
7.802618916557842965e+01,6.856987810356605451e+01,1.540000000000000000e+02,8.132279999999999518e+02,nan
7.802616762469516232e+01,6.856995449827380185e+01,1.550000000000000000e+02,8.125519999999999072e+02,nan
7.802615099629208828e+01,6.857005627556853256e+01,1.560000000000000000e+02,8.118759999999999764e+02,nan
7.802613089840581040e+01,6.857014214437057831e+01,1.570000000000000000e+02,8.118759999999999764e+02,nan
7.802611463647942003e+01,6.857024528714441658e+01,1.580000000000000000e+02,8.118759999999999764e+02,nan
7.802609267486916167e+01,6.857031874985051445e+01,1.590000000000000000e+02,8.111999999999999318e+02,nan
7.802608012702134488e+01,6.857043135995182581e+01,1.600000000000000000e+02,8.111999999999999318e+02,nan
7.802606766399236449e+01,6.857054579061374966e+01,1.610000000000000000e+02,8.084959999999999809e+02,nan
7.802605263380165468e+01,6.857065318375056506e+01,1.620000000000000000e+02,8.091719999999999118e+02,nan
7.802603992046077508e+01,6.857076723399909213e+01,1.630000000000000000e+02,8.091719999999999118e+02,nan
7.802602506258382675e+01,6.857087396754512554e+01,1.640000000000000000e+02,8.091719999999999118e+02,nan
7.802600525105347629e+01,6.857096008816790800e+01,1.650000000000000000e+02,8.091719999999999118e+02,nan
7.802598384117003150e+01,6.857103756577507170e+01,1.660000000000000000e+02,8.084959999999999809e+02,nan
7.802596631255070747e+01,6.857113450393535459e+01,1.670000000000000000e+02,8.084959999999999809e+02,nan
7.802595349464053243e+01,6.857124836006016722e+01,1.680000000000000000e+02,8.078199999999999363e+02,nan
7.802593481542554343e+01,6.857134151035600667e+01,1.690000000000000000e+02,8.057919999999999163e+02,nan
7.802591589718755927e+01,6.857143352584616025e+01,1.700000000000000000e+02,8.051159999999999854e+02,nan
7.802590181178968010e+01,6.857153843224192258e+01,1.710000000000000000e+02,8.051159999999999854e+02,nan
7.802589539539100372e+01,6.857166421906732978e+01,1.720000000000000000e+02,8.051159999999999854e+02,nan
7.802588897899234155e+01,6.857179000589273699e+01,1.730000000000000000e+02,8.051159999999999854e+02,nan
7.802588116939435281e+01,6.857191389101369339e+01,1.740000000000000000e+02,8.051159999999999854e+02,nan
7.802587294246568206e+01,6.857203720648206513e+01,1.750000000000000000e+02,8.051159999999999854e+02,nan
7.802586320273466924e+01,6.857215790371431297e+01,1.760000000000000000e+02,8.051159999999999854e+02,nan
7.802585326727688653e+01,6.857227826219849476e+01,1.770000000000000000e+02,8.051159999999999854e+02,nan
7.802583309665222089e+01,6.857236329031977107e+01,1.780000000000000000e+02,8.051159999999999854e+02,nan
7.802581081238167826e+01,6.857243527133888961e+01,1.790000000000000000e+02,8.051159999999999854e+02,nan
7.802579079425034081e+01,6.857252171247625938e+01,1.800000000000000000e+02,8.051159999999999854e+02,nan
7.802577112525455050e+01,6.857261000441296517e+01,1.810000000000000000e+02,8.057919999999999163e+02,nan
7.802575767817793917e+01,6.857271941741528565e+01,1.820000000000000000e+02,8.057919999999999163e+02,nan
7.802574712656932832e+01,6.857283854461147143e+01,1.830000000000000000e+02,8.057919999999999163e+02,nan
7.802573726658103226e+01,6.857295904588436031e+01,1.840000000000000000e+02,8.057919999999999163e+02,nan
7.802572852805062098e+01,6.857308101208080586e+01,1.850000000000000000e+02,8.057919999999999163e+02,nan
7.802572440706099144e+01,6.857320901001889979e+01,1.860000000000000000e+02,8.057919999999999163e+02,nan
7.802571843032444576e+01,6.857333354783916946e+01,1.870000000000000000e+02,8.057919999999999163e+02,nan
7.802570373676928739e+01,6.857344197084050563e+01,1.880000000000000000e+02,8.064679999999999609e+02,nan
7.802569119338615167e+01,6.857355653373983273e+01,1.890000000000000000e+02,8.064679999999999609e+02,nan
7.802567489339504903e+01,6.857365915318791849e+01,1.900000000000000000e+02,8.064679999999999609e+02,nan
7.802565930081252077e+01,6.857376466467071907e+01,1.910000000000000000e+02,8.064679999999999609e+02,nan
7.802564380123850185e+01,6.857387049372944432e+01,1.920000000000000000e+02,8.064679999999999609e+02,nan
7.802563013950148729e+01,6.857398184885126113e+01,1.930000000000000000e+02,8.071440000000000055e+02,nan
7.802561459455058923e+01,6.857408614467330210e+01,1.940000000000000000e+02,8.071440000000000055e+02,nan
7.802559611049660759e+01,6.857418016643586611e+01,1.950000000000000000e+02,8.064679999999999609e+02,nan
7.802557841264990657e+01,6.857427766167417360e+01,1.960000000000000000e+02,8.064679999999999609e+02,nan
7.802556105400938691e+01,6.857437654449117304e+01,1.970000000000000000e+02,8.064679999999999609e+02,nan
7.802554640961270138e+01,6.857448436744223841e+01,1.980000000000000000e+02,8.064679999999999609e+02,nan
7.802553270809148955e+01,6.857459509083544447e+01,1.990000000000000000e+02,8.064679999999999609e+02,nan
7.802551498737925328e+01,6.857469248912042303e+01,2.000000000000000000e+02,8.064679999999999609e+02,nan
7.802549497225474795e+01,6.857477888583792947e+01,2.010000000000000000e+02,8.064679999999999609e+02,nan
7.802547291899912807e+01,6.857485282838848661e+01,2.020000000000000000e+02,8.071440000000000055e+02,nan
7.802545568644967489e+01,6.857495052946990199e+01,2.030000000000000000e+02,8.071440000000000055e+02,nan
7.802543958208796937e+01,6.857505405795956221e+01,2.040000000000000000e+02,8.078199999999999363e+02,nan
7.802542026807689979e+01,6.857514414847568673e+01,2.050000000000000000e+02,8.078199999999999363e+02,nan
7.802540492497244884e+01,6.857524953109465571e+01,2.060000000000000000e+02,8.078199999999999363e+02,nan
7.802539094462211722e+01,6.857536016172825555e+01,2.070000000000000000e+02,8.078199999999999363e+02,nan
7.802537321558313010e+01,6.857545622622798476e+01,2.080000000000000000e+02,8.078199999999999363e+02,nan
7.802535467473821029e+01,6.857554856017789291e+01,2.090000000000000000e+02,8.078199999999999363e+02,nan
7.802534465130342767e+01,6.857566874408026081e+01,2.100000000000000000e+02,8.078199999999999363e+02,nan
7.802532984328414045e+01,6.857577013736691640e+01,2.110000000000000000e+02,8.084959999999999809e+02,nan
7.802530623074905236e+01,6.857582967770656523e+01,2.120000000000000000e+02,8.084959999999999809e+02,nan
7.802528193584531380e+01,6.857587840344237406e+01,2.130000000000000000e+02,8.091719999999999118e+02,nan
7.802526561686489970e+01,6.857598132958308668e+01,2.140000000000000000e+02,8.091719999999999118e+02,nan
7.802524745310559240e+01,6.857607650969291058e+01,2.150000000000000000e+02,8.098479999999999563e+02,nan
7.802522854529730978e+01,6.857616857355959894e+01,2.160000000000000000e+02,8.098479999999999563e+02,nan
7.802521296869031175e+01,6.857627215515606167e+01,2.170000000000000000e+02,8.098479999999999563e+02,nan
7.802520240657976558e+01,6.857639126181338440e+01,2.180000000000000000e+02,8.098479999999999563e+02,nan
7.802518822133100684e+01,6.857649983082077938e+01,2.190000000000000000e+02,8.098479999999999563e+02,nan
7.802517151347930735e+01,6.857660128361530383e+01,2.200000000000000000e+02,8.098479999999999563e+02,nan
7.802515394472871435e+01,6.857669881648607202e+01,2.210000000000000000e+02,8.098479999999999563e+02,nan
7.802513655347327415e+01,6.857679557637426626e+01,2.220000000000000000e+02,8.098479999999999563e+02,nan
7.802512411971315487e+01,6.857691041103014129e+01,2.230000000000000000e+02,8.098479999999999563e+02,nan
7.802510929664462935e+01,6.857701723576008135e+01,2.240000000000000000e+02,8.098479999999999563e+02,nan
7.802509127240178088e+01,6.857711332886201205e+01,2.250000000000000000e+02,8.105240000000000009e+02,nan
7.802507868265021784e+01,6.857722723827022548e+01,2.260000000000000000e+02,8.105240000000000009e+02,nan
7.802506579809828224e+01,6.857733983409630696e+01,2.270000000000000000e+02,8.105240000000000009e+02,nan
7.802504587198987451e+01,6.857742677198024239e+01,2.280000000000000000e+02,8.105240000000000009e+02,nan
7.802503095453458570e+01,6.857753399349535073e+01,2.290000000000000000e+02,8.105240000000000009e+02,nan
7.802501736898052798e+01,6.857764569341023275e+01,2.300000000000000000e+02,8.105240000000000009e+02,nan
7.802500437724538074e+01,6.857775908386059882e+01,2.310000000000000000e+02,8.098479999999999563e+02,nan
7.802499002835146769e+01,6.857786848126053769e+01,2.320000000000000000e+02,8.098479999999999563e+02,nan
7.802497502869773882e+01,6.857797596398634710e+01,2.330000000000000000e+02,8.098479999999999563e+02,nan
7.802495824012713399e+01,6.857807697357033305e+01,2.340000000000000000e+02,8.098479999999999563e+02,nan
7.802493751012748646e+01,6.857815807057383495e+01,2.350000000000000000e+02,8.098479999999999563e+02,nan
7.802491552054699753e+01,6.857823256975598269e+01,2.360000000000000000e+02,8.098479999999999563e+02,nan
7.802489865206128172e+01,6.857833325932149648e+01,2.370000000000000000e+02,8.098479999999999563e+02,nan
7.802487971712325532e+01,6.857842343339423508e+01,2.380000000000000000e+02,8.098479999999999563e+02,nan
7.802485815041379169e+01,6.857850060393202796e+01,2.390000000000000000e+02,8.098479999999999563e+02,nan
7.802483761874309209e+01,6.857858420526521570e+01,2.400000000000000000e+02,8.098479999999999563e+02,nan
7.802481802051671878e+01,6.857867278456794224e+01,2.410000000000000000e+02,8.105240000000000009e+02,nan
7.802479847683760283e+01,6.857876168224261448e+01,2.420000000000000000e+02,8.105240000000000009e+02,nan
7.802477839571218965e+01,6.857884778619009580e+01,2.430000000000000000e+02,8.105240000000000009e+02,nan
7.802475985350284304e+01,6.857894113400733715e+01,2.440000000000000000e+02,8.105240000000000009e+02,nan
7.802474239209566065e+01,6.857903951945192489e+01,2.450000000000000000e+02,8.105240000000000009e+02,nan
7.802471979813120129e+01,6.857910969364742471e+01,2.460000000000000000e+02,8.105240000000000009e+02,nan
7.802469732571169914e+01,6.857918076537805518e+01,2.470000000000000000e+02,8.105240000000000009e+02,nan
7.802467609261206860e+01,6.857925925135398870e+01,2.480000000000000000e+02,8.105240000000000009e+02,nan
7.802465698072322198e+01,6.857935033144920567e+01,2.490000000000000000e+02,8.105240000000000009e+02,nan
7.802463591289128431e+01,6.857943016321716811e+01,2.500000000000000000e+02,8.105240000000000009e+02,nan
7.802461430657919550e+01,6.857950711480476969e+01,2.510000000000000000e+02,8.098479999999999563e+02,nan
7.802459342071283288e+01,6.857958865228305001e+01,2.520000000000000000e+02,8.098479999999999563e+02,nan
7.802457791010080257e+01,6.857969389887564660e+01,2.530000000000000000e+02,8.098479999999999563e+02,nan
7.802456083389587604e+01,6.857978325784728213e+01,2.540000000000000000e+02,8.098479999999999563e+02,nan
7.802453396167082644e+01,6.857978666247306876e+01,2.550000000000000000e+02,8.091719999999999118e+02,nan
7.802451772260900498e+01,6.857987697037700059e+01,2.560000000000000000e+02,8.091719999999999118e+02,nan
7.802450029319625457e+01,6.857997278222106274e+01,2.570000000000000000e+02,8.084959999999999809e+02,nan
7.802447804566565992e+01,6.858004397325416335e+01,2.580000000000000000e+02,8.084959999999999809e+02,nan
7.802445828125334515e+01,6.858012426756143043e+01,2.590000000000000000e+02,8.078199999999999363e+02,nan
7.802444376105883350e+01,6.858023326330729219e+01,2.600000000000000000e+02,8.078199999999999363e+02,nan
7.802443219832851184e+01,6.858034969925260782e+01,2.610000000000000000e+02,8.071440000000000055e+02,nan
7.802442193308444018e+01,6.858046939933088026e+01,2.620000000000000000e+02,8.071440000000000055e+02,nan
7.802439745659401638e+01,6.858049902224914263e+01,2.630000000000000000e+02,8.064679999999999609e+02,nan
7.802437544112501655e+01,6.858057334036413977e+01,2.640000000000000000e+02,8.064679999999999609e+02,nan
7.802435840760857388e+01,6.858067148473922714e+01,2.650000000000000000e+02,8.057919999999999163e+02,nan
7.802434168928027702e+01,6.858077119381673015e+01,2.660000000000000000e+02,8.057919999999999163e+02,nan
7.802431980217956209e+01,6.858084638659815369e+01,2.670000000000000000e+02,8.051159999999999854e+02,nan
7.802430035427313726e+01,6.858093534815684222e+01,2.680000000000000000e+02,8.051159999999999854e+02,nan
7.802428153865331240e+01,6.858102784469946300e+01,2.690000000000000000e+02,8.044399999999999409e+02,nan
7.802426291101623690e+01,6.858112122170068403e+01,2.700000000000000000e+02,8.044399999999999409e+02,nan
7.802424030727877380e+01,6.858118902254526006e+01,2.710000000000000000e+02,8.037640000000000100e+02,nan
7.802421646986958592e+01,6.858124888783024176e+01,2.720000000000000000e+02,8.037640000000000100e+02,nan
7.802419377731555983e+01,6.858131781134756011e+01,2.730000000000000000e+02,8.030879999999999654e+02,nan
7.802417179628461952e+01,6.858139236452160503e+01,2.740000000000000000e+02,8.030879999999999654e+02,nan
7.802415302699878907e+01,6.858148498983746322e+01,2.750000000000000000e+02,8.024119999999999209e+02,nan
7.802413456611256493e+01,6.858157911668655515e+01,2.760000000000000000e+02,8.024119999999999209e+02,nan
7.802411698638208293e+01,6.858167694086942845e+01,2.770000000000000000e+02,8.017359999999999900e+02,nan
7.802410071800906621e+01,6.858178004297865016e+01,2.780000000000000000e+02,8.017359999999999900e+02,nan
7.802408452284657869e+01,6.858188341170323099e+01,2.790000000000000000e+02,7.983559999999999945e+02,nan
7.802406835909827976e+01,6.858198689483086241e+01,2.800000000000000000e+02,7.983559999999999945e+02,nan
7.802405438413447314e+01,6.858209735113985062e+01,2.810000000000000000e+02,7.976799999999999500e+02,nan
7.802404043085010699e+01,6.858220784237066425e+01,2.820000000000000000e+02,8.003840000000000146e+02,nan
7.802402386373762511e+01,6.858230983365690747e+01,2.830000000000000000e+02,7.970040000000000191e+02,nan
7.802400201983829220e+01,6.858238398899179344e+01,2.840000000000000000e+02,7.997079999999999700e+02,nan
7.802398047135578452e+01,6.858246120361073395e+01,2.850000000000000000e+02,7.963279999999999745e+02,nan
7.802395948350861943e+01,6.858254211770531583e+01,2.860000000000000000e+02,7.990319999999999254e+02,nan
7.802393831758905662e+01,6.858262108679598157e+01,2.870000000000000000e+02,7.956519999999999300e+02,nan
7.802391352806314728e+01,6.858267117697205606e+01,2.880000000000000000e+02,7.983559999999999945e+02,nan
7.802388895157996274e+01,6.858272363176868680e+01,2.890000000000000000e+02,7.976799999999999500e+02,nan
7.802386507111636149e+01,6.858278192837607889e+01,2.900000000000000000e+02,7.976799999999999500e+02,nan
7.802384356114356478e+01,6.858285960327786768e+01,2.910000000000000000e+02,7.976799999999999500e+02,nan
7.802382193536656985e+01,6.858293652780886873e+01,2.920000000000000000e+02,7.983559999999999945e+02,nan
7.802380029815697071e+01,6.858301328823858967e+01,2.930000000000000000e+02,7.983559999999999945e+02,nan
7.802378015465170336e+01,6.858309904624999831e+01,2.940000000000000000e+02,7.983559999999999945e+02,nan
7.802375797480002007e+01,6.858317213426306580e+01,2.950000000000000000e+02,7.983559999999999945e+02,nan
7.802373748906562412e+01,6.858325598920249888e+01,2.960000000000000000e+02,7.983559999999999945e+02,nan
7.802371836190930310e+01,6.858334685902519823e+01,2.970000000000000000e+02,7.990319999999999254e+02,nan
7.802369925848344678e+01,6.858343794248546033e+01,2.980000000000000000e+02,7.990319999999999254e+02,nan
7.802367978611832200e+01,6.858352722535106238e+01,2.990000000000000000e+02,7.990319999999999254e+02,nan
7.802365924973436506e+01,6.858361073211908376e+01,3.000000000000000000e+02,7.990319999999999254e+02,nan
7.802363763033348221e+01,6.858368761160599547e+01,3.010000000000000000e+02,7.997079999999999700e+02,nan
7.802361528073321040e+01,6.858375953791247071e+01,3.020000000000000000e+02,7.997079999999999700e+02,nan
7.802359219738906404e+01,6.858382502504019840e+01,3.030000000000000000e+02,7.997079999999999700e+02,nan
7.802356813830331816e+01,6.858387872136910346e+01,3.040000000000000000e+02,7.997079999999999700e+02,nan
7.802355352385578158e+01,6.858398741632255735e+01,3.050000000000000000e+02,7.997079999999999700e+02,nan
7.802353689570149697e+01,6.858408872795011746e+01,3.060000000000000000e+02,7.997079999999999700e+02,nan
7.802351926793946291e+01,6.858418646319887557e+01,3.070000000000000000e+02,7.997079999999999700e+02,nan
7.802350247147828100e+01,6.858428757567041600e+01,3.080000000000000000e+02,8.003840000000000146e+02,nan
7.802348537166241726e+01,6.858438749373418375e+01,3.090000000000000000e+02,8.003840000000000146e+02,nan
7.802346841251203102e+01,6.858448792643955017e+01,3.100000000000000000e+02,8.003840000000000146e+02,nan
7.802345241722267133e+01,6.858459201007248396e+01,3.110000000000000000e+02,8.003840000000000146e+02,nan
7.802343271488645371e+01,6.858467897886330888e+01,3.120000000000000000e+02,8.003840000000000146e+02,nan
7.802341246011623355e+01,6.858476412348920803e+01,3.130000000000000000e+02,8.003840000000000146e+02,nan
7.802339109843357789e+01,6.858484225963275094e+01,3.140000000000000000e+02,8.003840000000000146e+02,nan
7.802336815462658137e+01,6.858490908081611792e+01,3.150000000000000000e+02,8.003840000000000146e+02,nan
7.802334350161754628e+01,6.858496070848561033e+01,3.160000000000000000e+02,8.003840000000000146e+02,nan
7.802331880661654395e+01,6.858501186562996565e+01,3.170000000000000000e+02,8.010599999999999454e+02,nan
7.802329395883835161e+01,6.858506127882525050e+01,3.180000000000000000e+02,8.010599999999999454e+02,nan
7.802327006144741972e+01,6.858512046562189823e+01,3.190000000000000000e+02,8.010599999999999454e+02,nan
7.802324845746753113e+01,6.858519518945692539e+01,3.200000000000000000e+02,8.010599999999999454e+02,nan
7.802322929569442067e+01,6.858528601528122692e+01,3.210000000000000000e+02,8.010599999999999454e+02,nan
7.802321016283696054e+01,6.858537698228016666e+01,3.220000000000000000e+02,8.003840000000000146e+02,nan
7.802319067908248940e+01,6.858546617975935078e+01,3.230000000000000000e+02,8.003840000000000146e+02,nan
7.802317267945467449e+01,6.858556156499122380e+01,3.240000000000000000e+02,8.003840000000000146e+02,nan
7.802315679783612268e+01,6.858566604932373423e+01,3.250000000000000000e+02,8.010599999999999454e+02,nan
7.802314017555448800e+01,6.858576780785830351e+01,3.260000000000000000e+02,8.010599999999999454e+02,nan
7.802312351662237688e+01,6.858586943858021812e+01,3.270000000000000000e+02,8.010599999999999454e+02,nan
7.802310628389153635e+01,6.858596770095699924e+01,3.280000000000000000e+02,8.017359999999999900e+02,nan
7.802308402486355021e+01,6.858604030778634808e+01,3.290000000000000000e+02,8.017359999999999900e+02,nan
7.802305995836483987e+01,6.858609044422688328e+01,3.300000000000000000e+02,8.017359999999999900e+02,nan
7.802304457527932868e+01,6.858619664449128095e+01,3.310000000000000000e+02,8.017359999999999900e+02,nan
7.802302730808982290e+01,6.858629554165833042e+01,3.320000000000000000e+02,8.017359999999999900e+02,nan
7.802300927669851660e+01,6.858639154163753915e+01,3.330000000000000000e+02,8.017359999999999900e+02,nan
7.802299226961480372e+01,6.858649182944080280e+01,3.340000000000000000e+02,8.017359999999999900e+02,nan
7.802297482100516390e+01,6.858659033836866570e+01,3.350000000000000000e+02,8.010599999999999454e+02,nan
7.802295733590943883e+01,6.858668869894286502e+01,3.360000000000000000e+02,8.010599999999999454e+02,nan
7.802293920861549736e+01,6.858678432393145386e+01,3.370000000000000000e+02,8.010599999999999454e+02,nan
7.802292108132155590e+01,6.858687994892004269e+01,3.380000000000000000e+02,8.010599999999999454e+02,nan
7.802290025800418505e+01,6.858696045075136283e+01,3.390000000000000000e+02,8.003840000000000146e+02,nan
7.802287707898470615e+01,6.858702536300044983e+01,3.400000000000000000e+02,8.003840000000000146e+02,nan
7.802285541554465453e+01,6.858710083951082481e+01,3.410000000000000000e+02,8.003840000000000146e+02,nan
7.802283186205546883e+01,6.858715966713262446e+01,3.420000000000000000e+02,8.003840000000000146e+02,nan
7.802280784293780869e+01,6.858721421480400693e+01,3.430000000000000000e+02,8.003840000000000146e+02,nan
7.802278754824982343e+01,6.858729913451230686e+01,3.440000000000000000e+02,7.997079999999999700e+02,nan
7.802276492259770180e+01,6.858736483819252783e+01,3.450000000000000000e+02,7.997079999999999700e+02,nan
7.802273965584018356e+01,6.858740893272242545e+01,3.460000000000000000e+02,7.997079999999999700e+02,nan
7.802271561595543403e+01,6.858746686451189589e+01,3.470000000000000000e+02,7.997079999999999700e+02,nan
7.802269297312835761e+01,6.858753405250304525e+01,3.480000000000000000e+02,7.997079999999999700e+02,nan
7.802266845031425646e+01,6.858758614222580263e+01,3.490000000000000000e+02,7.997079999999999700e+02,nan
7.802264745337710394e+01,6.858766662068320841e+01,3.500000000000000000e+02,7.997079999999999700e+02,nan
7.802262753544083296e+01,6.858775358478750661e+01,3.510000000000000000e+02,7.997079999999999700e+02,nan
7.802261180520332573e+01,6.858785837260030860e+01,3.520000000000000000e+02,7.997079999999999700e+02,nan
7.802259634393944054e+01,6.858796430522022547e+01,3.530000000000000000e+02,7.997079999999999700e+02,nan
7.802258351647164147e+01,6.858807780664410814e+01,3.540000000000000000e+02,7.997079999999999700e+02,nan
7.802257151089742138e+01,6.858819366996360145e+01,3.550000000000000000e+02,7.997079999999999700e+02,nan
7.802255940200490159e+01,6.858830927500673624e+01,3.560000000000000000e+02,7.997079999999999700e+02,nan
7.802254664980877408e+01,6.858842327191150900e+01,3.570000000000000000e+02,7.997079999999999700e+02,nan
7.802253340180565999e+01,6.858853590123071342e+01,3.580000000000000000e+02,7.997079999999999700e+02,nan
7.802251944965448160e+01,6.858864658829666894e+01,3.590000000000000000e+02,7.997079999999999700e+02,nan
7.802250507444423988e+01,6.858875567608468771e+01,3.600000000000000000e+02,7.997079999999999700e+02,nan
7.802248607373920208e+01,6.858884727824906236e+01,3.610000000000000000e+02,7.997079999999999700e+02,nan
7.802246187308283254e+01,6.858887376569498429e+01,3.620000000000000000e+02,7.997079999999999700e+02,nan
7.802243502692562060e+01,6.858886712570726729e+01,3.630000000000000000e+02,7.997079999999999700e+02,nan
7.802240818076840867e+01,6.858886048571955030e+01,3.640000000000000000e+02,7.997079999999999700e+02,nan
7.802238494048508244e+01,6.858891449170288013e+01,3.650000000000000000e+02,7.997079999999999700e+02,nan
7.802236273355235596e+01,6.858898744296541850e+01,3.660000000000000000e+02,7.997079999999999700e+02,nan
7.802234023658323281e+01,6.858905828588784459e+01,3.670000000000000000e+02,7.997079999999999700e+02,nan
7.802231604778746998e+01,6.858911441129579600e+01,3.680000000000000000e+02,7.990319999999999254e+02,nan
7.802229049208621348e+01,6.858915451227127846e+01,3.690000000000000000e+02,7.990319999999999254e+02,nan
7.802226447387084818e+01,6.858918706586773339e+01,3.700000000000000000e+02,7.990319999999999254e+02,nan
7.802223882127954369e+01,6.858922558207591180e+01,3.710000000000000000e+02,7.990319999999999254e+02,nan
7.802221379898612952e+01,6.858927231296124205e+01,3.720000000000000000e+02,7.990319999999999254e+02,nan
7.802218914645759185e+01,6.858932322527533643e+01,3.730000000000000000e+02,7.990319999999999254e+02,nan
7.802216321652629460e+01,6.858935737406879696e+01,3.740000000000000000e+02,7.990319999999999254e+02,nan
7.802214146832086783e+01,6.858942929860499760e+01,3.750000000000000000e+02,7.990319999999999254e+02,nan
7.802212026877479900e+01,6.858950792223131998e+01,3.760000000000000000e+02,7.990319999999999254e+02,nan
7.802209655261206933e+01,6.858956888443323408e+01,3.770000000000000000e+02,7.990319999999999254e+02,nan
7.802207255599927294e+01,6.858962622248728280e+01,3.780000000000000000e+02,7.990319999999999254e+02,nan
7.802204634271886619e+01,6.858965491540232051e+01,3.790000000000000000e+02,7.990319999999999254e+02,nan
7.802202198064219374e+01,6.858970712393518454e+01,3.800000000000000000e+02,7.990319999999999254e+02,nan
7.802199874722580830e+01,6.858977202566796905e+01,3.810000000000000000e+02,7.997079999999999700e+02,nan
7.802197656062311637e+01,6.858984513848106701e+01,3.820000000000000000e+02,7.997079999999999700e+02,nan
7.802195460663034510e+01,6.858991983365385181e+01,3.830000000000000000e+02,7.997079999999999700e+02,nan
7.802193292143648762e+01,6.858999635736681455e+01,3.840000000000000000e+02,7.997079999999999700e+02,nan
7.802192211287244561e+01,6.859011207249278641e+01,3.850000000000000000e+02,7.997079999999999700e+02,nan
7.802191299775299171e+01,6.859023388955350242e+01,3.860000000000000000e+02,7.997079999999999700e+02,nan
7.802189894551034399e+01,6.859033194873538264e+01,3.870000000000000000e+02,7.997079999999999700e+02,nan
7.802187366590382567e+01,6.859037598083692444e+01,3.880000000000000000e+02,7.997079999999999700e+02,nan
7.802185039722793647e+01,6.859043924447351515e+01,3.890000000000000000e+02,7.997079999999999700e+02,nan
7.802182844526996064e+01,6.859051384064967749e+01,3.900000000000000000e+02,7.997079999999999700e+02,nan
7.802180718980650909e+01,6.859059311176270057e+01,3.910000000000000000e+02,7.990319999999999254e+02,nan
7.802178586569436902e+01,6.859067195378649728e+01,3.920000000000000000e+02,7.990319999999999254e+02,nan
7.802176452878747170e+01,6.859075070186547407e+01,3.930000000000000000e+02,7.990319999999999254e+02,nan
7.802174102345389883e+01,6.859081352838900614e+01,3.940000000000000000e+02,7.990319999999999254e+02,nan
7.802171766068161674e+01,6.859087745632868405e+01,3.950000000000000000e+02,7.990319999999999254e+02,nan
7.802169560270965576e+01,6.859095146504337492e+01,3.960000000000000000e+02,7.983559999999999945e+02,nan
7.802167484737464065e+01,6.859103350198165572e+01,3.970000000000000000e+02,7.983559999999999945e+02,nan
7.802165468245569002e+01,6.859111912278710577e+01,3.980000000000000000e+02,7.983559999999999945e+02,nan
7.802163475780413648e+01,6.859120604407944199e+01,3.990000000000000000e+02,7.983559999999999945e+02,nan
7.802161619794760838e+01,6.859129965835573728e+01,4.000000000000000000e+02,7.976799999999999500e+02,nan
7.802159712627766908e+01,6.859139076001271462e+01,4.010000000000000000e+02,7.976799999999999500e+02,nan
7.802157718799141151e+01,6.859147760831366725e+01,4.020000000000000000e+02,7.976799999999999500e+02,nan
7.802155704117568291e+01,6.859156332296709024e+01,4.030000000000000000e+02,7.976799999999999500e+02,nan
7.802153674395867711e+01,6.859164821998051309e+01,4.040000000000000000e+02,7.976799999999999500e+02,nan
7.802151922551014707e+01,6.859174617260744355e+01,4.050000000000000000e+02,7.970040000000000191e+02,nan
7.802150238151513406e+01,6.859184705869731147e+01,4.060000000000000000e+02,7.970040000000000191e+02,nan
7.802148558676694279e+01,6.859194349706429250e+01,4.070000000000000000e+02,7.970040000000000191e+02,nan
7.802145950971484467e+01,6.859191205699582383e+01,4.080000000000000000e+02,7.970040000000000191e+02,nan
7.802143343266276077e+01,6.859188061692736937e+01,4.090000000000000000e+02,7.970040000000000191e+02,nan
7.802140735561067686e+01,6.859184917685890071e+01,4.100000000000000000e+02,7.963279999999999745e+02,nan
7.802138151711140779e+01,6.859186340823660544e+01,4.110000000000000000e+02,7.963279999999999745e+02,nan
7.802135766871792555e+01,6.859191654874193489e+01,4.120000000000000000e+02,7.963279999999999745e+02,nan
7.802133764760698398e+01,6.859200253711055950e+01,4.130000000000000000e+02,7.963279999999999745e+02,nan
7.802131539289013062e+01,6.859207516406281968e+01,4.140000000000000000e+02,7.956519999999999300e+02,nan
7.802129373916491772e+01,6.859215185036346440e+01,4.150000000000000000e+02,7.956519999999999300e+02,nan
7.802127514324216406e+01,6.859224422548588507e+01,4.160000000000000000e+02,7.956519999999999300e+02,nan
7.802125802389511477e+01,6.859234405477634766e+01,4.170000000000000000e+02,7.956519999999999300e+02,nan
7.802123991272175374e+01,6.859243850389589170e+01,4.180000000000000000e+02,7.956519999999999300e+02,nan
7.802121724842261585e+01,6.859250810214400929e+01,4.190000000000000000e+02,7.949759999999999991e+02,nan
7.802119384654146472e+01,6.859257181565273243e+01,4.200000000000000000e+02,7.949759999999999991e+02,nan
7.802117066222085384e+01,6.859263701006288727e+01,4.210000000000000000e+02,7.949759999999999991e+02,nan
7.802115374975555540e+01,6.859273765309407622e+01,4.220000000000000000e+02,7.949759999999999991e+02,nan
7.802113683729025695e+01,6.859283829612527938e+01,4.230000000000000000e+02,7.949759999999999991e+02,nan
7.802111992482494429e+01,6.859293893915648255e+01,4.240000000000000000e+02,7.942999999999999545e+02,nan
7.802110301235964585e+01,6.859303958218768571e+01,4.250000000000000000e+02,7.942999999999999545e+02,nan
7.802108836068926223e+01,6.859314794854034858e+01,4.260000000000000000e+02,7.942999999999999545e+02,nan
7.802107423234929229e+01,6.859325810269302792e+01,4.270000000000000000e+02,7.942999999999999545e+02,nan
7.802106010400932234e+01,6.859336825684569305e+01,4.280000000000000000e+02,7.936239999999999100e+02,nan
7.802104509301447877e+01,6.859347566424858655e+01,4.290000000000000000e+02,7.936239999999999100e+02,nan
7.802102465836878764e+01,6.859355276393401368e+01,4.300000000000000000e+02,7.936239999999999100e+02,nan
7.802100157749353571e+01,6.859361863454758179e+01,4.310000000000000000e+02,7.936239999999999100e+02,nan
7.802098266521377923e+01,6.859371024246131299e+01,4.320000000000000000e+02,7.936239999999999100e+02,nan
7.802096632104331775e+01,6.859381293616637265e+01,4.330000000000000000e+02,7.929479999999999791e+02,nan
7.802095021824089827e+01,6.859391661271395435e+01,4.340000000000000000e+02,7.929479999999999791e+02,nan
7.802093411543846457e+01,6.859402028926152184e+01,4.350000000000000000e+02,7.929479999999999791e+02,nan
7.802091801263604509e+01,6.859412396580910354e+01,4.360000000000000000e+02,7.929479999999999791e+02,nan
7.802090190983361140e+01,6.859422764235668524e+01,4.370000000000000000e+02,7.929479999999999791e+02,nan
7.802088580703119192e+01,6.859433131890426694e+01,4.380000000000000000e+02,7.929479999999999791e+02,nan
7.802086970422875822e+01,6.859443499545184864e+01,4.390000000000000000e+02,7.929479999999999791e+02,nan
7.802085410555206124e+01,6.859454043634173104e+01,4.400000000000000000e+02,7.929479999999999791e+02,nan
7.802083860117890879e+01,6.859464620727575834e+01,4.410000000000000000e+02,7.929479999999999791e+02,nan
7.802082309680575634e+01,6.859475197820978565e+01,4.420000000000000000e+02,7.929479999999999791e+02,nan
7.802080812017912592e+01,6.859485945837293741e+01,4.430000000000000000e+02,7.929479999999999791e+02,nan
7.802079362919982941e+01,6.859496851141719276e+01,4.440000000000000000e+02,7.929479999999999791e+02,nan
7.802077913822051869e+01,6.859507756446144811e+01,4.450000000000000000e+02,7.929479999999999791e+02,nan
7.802076464724120797e+01,6.859518661750568924e+01,4.460000000000000000e+02,7.929479999999999791e+02,nan
7.802075015626189725e+01,6.859529567054994459e+01,4.470000000000000000e+02,7.929479999999999791e+02,nan
7.802073812212438497e+01,6.859541087876766596e+01,4.480000000000000000e+02,7.929479999999999791e+02,nan
7.802072790268087488e+01,6.859553063337347112e+01,4.490000000000000000e+02,7.929479999999999791e+02,nan
7.802071969697503562e+01,6.859565276865970418e+01,4.500000000000000000e+02,7.929479999999999791e+02,nan
7.802071724301566746e+01,6.859578170377417905e+01,4.510000000000000000e+02,7.929479999999999791e+02,nan
7.802071243290582458e+01,6.859590878369013467e+01,4.520000000000000000e+02,7.929479999999999791e+02,nan
7.802070191411030464e+01,6.859601693208955453e+01,4.530000000000000000e+02,7.929479999999999791e+02,nan
7.802067772524829081e+01,6.859607065120721359e+01,4.540000000000000000e+02,7.929479999999999791e+02,nan
7.802065951254078868e+01,6.859616588105029678e+01,4.550000000000000000e+02,7.929479999999999791e+02,nan
7.802063878779357253e+01,6.859624750084408618e+01,4.560000000000000000e+02,7.929479999999999791e+02,nan
7.802061694970707606e+01,6.859632299295004998e+01,4.570000000000000000e+02,7.929479999999999791e+02,nan
7.802059486242937680e+01,6.859639679190206607e+01,4.580000000000000000e+02,7.929479999999999791e+02,nan
7.802057275817621473e+01,6.859647047274594911e+01,4.590000000000000000e+02,7.936239999999999100e+02,nan
7.802055240373498179e+01,6.859655452648179619e+01,4.600000000000000000e+02,7.936239999999999100e+02,nan
7.802053290476844438e+01,6.859664365147506260e+01,4.610000000000000000e+02,7.936239999999999100e+02,nan
7.802051552132407153e+01,6.859674224997809233e+01,4.620000000000000000e+02,7.936239999999999100e+02,nan
7.802049893115382417e+01,6.859684409768617286e+01,4.630000000000000000e+02,7.942999999999999545e+02,nan
7.802048236844493090e+01,6.859694603836142335e+01,4.640000000000000000e+02,7.942999999999999545e+02,nan
7.802046513145778306e+01,6.859704539044008698e+01,4.650000000000000000e+02,7.942999999999999545e+02,nan
7.802044421099914473e+01,6.859712631959173734e+01,4.660000000000000000e+02,7.949759999999999991e+02,nan
7.802042549823980266e+01,6.859721788920909091e+01,4.670000000000000000e+02,7.949759999999999991e+02,nan
7.802040818829667046e+01,6.859731679683257255e+01,4.680000000000000000e+02,7.949759999999999991e+02,nan
7.802038977289232946e+01,6.859741110088302207e+01,4.690000000000000000e+02,7.949759999999999991e+02,nan
7.802037078234394585e+01,6.859750273599894399e+01,4.700000000000000000e+02,7.956519999999999300e+02,nan
7.802034997553231221e+01,6.859758425333816945e+01,4.710000000000000000e+02,7.956519999999999300e+02,nan
7.802032889700171836e+01,6.859766446512742277e+01,4.720000000000000000e+02,7.956519999999999300e+02,nan
7.802030864960299539e+01,6.859774958854404758e+01,4.730000000000000000e+02,7.956519999999999300e+02,nan
7.802029062415074634e+01,6.859784563845396121e+01,4.740000000000000000e+02,7.956519999999999300e+02,nan
7.802027023277921103e+01,6.859792939664195899e+01,4.750000000000000000e+02,7.956519999999999300e+02,nan
7.802024833873126397e+01,6.859800419775822888e+01,4.760000000000000000e+02,7.956519999999999300e+02,nan
7.802022561896784225e+01,6.859807332566275306e+01,4.770000000000000000e+02,7.949759999999999991e+02,nan
7.802020351492927830e+01,6.859814700579126168e+01,4.780000000000000000e+02,7.949759999999999991e+02,nan
7.802018102926707854e+01,6.859821795156344137e+01,4.790000000000000000e+02,7.942999999999999545e+02,nan
7.802015898551543671e+01,6.859829202326667996e+01,4.800000000000000000e+02,7.942999999999999545e+02,nan
7.802013758963015277e+01,6.859837019772363931e+01,4.810000000000000000e+02,7.936239999999999100e+02,nan
7.802011716824100063e+01,6.859845439117015076e+01,4.820000000000000000e+02,7.936239999999999100e+02,nan
7.802009328909684882e+01,6.859851352357154042e+01,4.830000000000000000e+02,7.929479999999999791e+02,nan
7.802007079028800263e+01,6.859858379062795564e+01,4.840000000000000000e+02,7.929479999999999791e+02,nan
7.802005017606104786e+01,6.859866607583882114e+01,4.850000000000000000e+02,7.922719999999999345e+02,nan
7.802003151541181580e+01,6.859875926734464713e+01,4.860000000000000000e+02,7.922719999999999345e+02,nan
7.802001103589418562e+01,6.859884302308994108e+01,4.870000000000000000e+02,7.922719999999999345e+02,nan
7.801998973983263852e+01,6.859892158865696388e+01,4.880000000000000000e+02,7.915960000000000036e+02,nan
7.801996680120085159e+01,6.859898909088617813e+01,4.890000000000000000e+02,7.915960000000000036e+02,nan
7.801994427549281852e+01,6.859905968717139046e+01,4.900000000000000000e+02,7.909199999999999591e+02,nan
7.801992386969227766e+01,6.859914199609887930e+01,4.910000000000000000e+02,7.909199999999999591e+02,nan
7.801990691234991004e+01,6.859924245373402130e+01,4.920000000000000000e+02,7.902439999999999145e+02,nan
7.801988868771294960e+01,6.859933757213744343e+01,4.930000000000000000e+02,7.888919999999999391e+02,nan
7.801987103306989013e+01,6.859943520327834676e+01,4.940000000000000000e+02,7.888919999999999391e+02,nan
7.801985594705051597e+01,6.859954117922114847e+01,4.950000000000000000e+02,7.882160000000000082e+02,nan
7.801984441039554952e+01,6.859965794602339884e+01,4.960000000000000000e+02,7.882160000000000082e+02,nan
7.801983510621258233e+01,6.859977941022020786e+01,4.970000000000000000e+02,7.875399999999999636e+02,nan
7.801981924280363501e+01,6.859988336309467627e+01,4.980000000000000000e+02,7.875399999999999636e+02,nan
7.801980318059162300e+01,6.859998713529360259e+01,4.990000000000000000e+02,7.875399999999999636e+02,nan
7.801978802502796384e+01,6.860009400120129897e+01,5.000000000000000000e+02,7.868639999999999191e+02,nan
7.801977500318152181e+01,6.860020702996477837e+01,5.010000000000000000e+02,7.868639999999999191e+02,nan
7.801976169876930101e+01,6.860031652476266117e+01,5.020000000000000000e+02,7.868639999999999191e+02,nan
7.801974125974938090e+01,6.860040055248295232e+01,5.030000000000000000e+02,7.868639999999999191e+02,nan
7.801972180783610611e+01,6.860048970038222649e+01,5.040000000000000000e+02,7.861879999999999882e+02,nan
7.801970475626720258e+01,6.860058978567796828e+01,5.050000000000000000e+02,7.861879999999999882e+02,nan
7.801968616982229321e+01,6.860068316731660332e+01,5.060000000000000000e+02,7.861879999999999882e+02,nan
7.801966761799377537e+01,6.860077667570648430e+01,5.070000000000000000e+02,7.861879999999999882e+02,nan
7.801965081510149957e+01,6.860087773139899525e+01,5.080000000000000000e+02,7.868639999999999191e+02,nan
7.801962995300428361e+01,6.860095823244444091e+01,5.090000000000000000e+02,7.868639999999999191e+02,nan
7.801960846921083714e+01,6.860103601588643585e+01,5.100000000000000000e+02,7.868639999999999191e+02,nan
7.801958646235884487e+01,6.860110926133776843e+01,5.110000000000000000e+02,7.868639999999999191e+02,nan
7.801956201503280397e+01,6.860116309484359931e+01,5.120000000000000000e+02,7.868639999999999191e+02,nan
7.801954286479747225e+01,6.860125263432912845e+01,5.130000000000000000e+02,7.868639999999999191e+02,nan
7.801952317813861271e+01,6.860134077841539124e+01,5.140000000000000000e+02,7.875399999999999636e+02,nan
7.801950410792535706e+01,6.860143189881715386e+01,5.150000000000000000e+02,7.875399999999999636e+02,nan
7.801948596026838345e+01,6.860152739576842862e+01,5.160000000000000000e+02,7.875399999999999636e+02,nan
7.801946818622461421e+01,6.860162451104909564e+01,5.170000000000000000e+02,7.882160000000000082e+02,nan
7.801945089681223067e+01,6.860172364327767980e+01,5.180000000000000000e+02,7.888919999999999391e+02,nan
7.801943284404356405e+01,6.860181935196058589e+01,5.190000000000000000e+02,7.888919999999999391e+02,nan
7.801941354251886196e+01,6.860190946014812141e+01,5.200000000000000000e+02,7.895679999999999836e+02,nan
7.801939218621868122e+01,6.860198761145431945e+01,5.210000000000000000e+02,7.895679999999999836e+02,nan
7.801937062594741690e+01,6.860206457191090124e+01,5.220000000000000000e+02,7.895679999999999836e+02,nan
7.801935135286542788e+01,6.860215482071397730e+01,5.230000000000000000e+02,7.902439999999999145e+02,nan
7.801933516649479827e+01,6.860225745221758586e+01,5.240000000000000000e+02,7.902439999999999145e+02,nan
7.801931965761464483e+01,6.860236297032841435e+01,5.250000000000000000e+02,7.902439999999999145e+02,nan
7.801930275852966190e+01,6.860246329084716876e+01,5.260000000000000000e+02,7.902439999999999145e+02,nan
7.801928018709551793e+01,6.860251776577798921e+01,5.270000000000000000e+02,7.902439999999999145e+02,nan
7.801926233860514515e+01,6.860260459679476241e+01,5.280000000000000000e+02,7.902439999999999145e+02,nan
7.801924885976201551e+01,6.860271605247382354e+01,5.290000000000000000e+02,7.902439999999999145e+02,nan
7.801923881203440203e+01,6.860283612902098582e+01,5.300000000000000000e+02,7.902439999999999145e+02,nan
7.801922638130824339e+01,6.860295085423548755e+01,5.310000000000000000e+02,7.909199999999999591e+02,nan
7.801921147312313565e+01,6.860305850046695753e+01,5.320000000000000000e+02,7.909199999999999591e+02,nan
7.801919397954894464e+01,6.860315608149451805e+01,5.330000000000000000e+02,7.909199999999999591e+02,nan
7.801917533556310502e+01,6.860324922980323947e+01,5.340000000000000000e+02,7.909199999999999591e+02,nan
7.801915780305844805e+01,6.860334704764423464e+01,5.350000000000000000e+02,7.909199999999999591e+02,nan
7.801913598914171644e+01,6.860342157422296339e+01,5.360000000000000000e+02,7.909199999999999591e+02,nan
7.801911541856040344e+01,6.860350254660183111e+01,5.370000000000000000e+02,7.909199999999999591e+02,nan
7.801909072499918807e+01,6.860355348718285029e+01,5.380000000000000000e+02,7.909199999999999591e+02,nan
7.801907045689674192e+01,6.860363852817218344e+01,5.390000000000000000e+02,7.909199999999999591e+02,nan
7.801905104171392225e+01,6.860372802575858486e+01,5.400000000000000000e+02,7.909199999999999591e+02,nan
7.801903305108348263e+01,6.860382363561244290e+01,5.410000000000000000e+02,7.909199999999999591e+02,nan
7.801901724372515901e+01,6.860392834534773954e+01,5.420000000000000000e+02,7.909199999999999591e+02,nan
7.801900216927425902e+01,6.860403552031607433e+01,5.430000000000000000e+02,7.909199999999999591e+02,nan
7.801898463123363570e+01,6.860413290832636335e+01,5.440000000000000000e+02,7.915960000000000036e+02,nan
7.801896442986704017e+01,6.860421742327039851e+01,5.450000000000000000e+02,7.915960000000000036e+02,nan
7.801894204910725250e+01,6.860428912788383116e+01,5.460000000000000000e+02,7.915960000000000036e+02,nan
7.801892278731355646e+01,6.860437683617678317e+01,5.470000000000000000e+02,7.915960000000000036e+02,nan
7.801890591860552604e+01,6.860447746280739523e+01,5.480000000000000000e+02,7.915960000000000036e+02,nan
7.801888696235579346e+01,6.860456925052933741e+01,5.490000000000000000e+02,7.915960000000000036e+02,nan
7.801886788751883728e+01,6.860466046737791146e+01,5.500000000000000000e+02,7.915960000000000036e+02,nan
7.801884936672561821e+01,6.860475427874527554e+01,5.510000000000000000e+02,7.915960000000000036e+02,nan
7.801883015419683431e+01,6.860484468495870658e+01,5.520000000000000000e+02,7.915960000000000036e+02,nan
7.801881028945084040e+01,6.860493190360911342e+01,5.530000000000000000e+02,7.915960000000000036e+02,nan
7.801879403153976966e+01,6.860503483948288306e+01,5.540000000000000000e+02,7.922719999999999345e+02,nan
7.801877697374767706e+01,6.860513479837811701e+01,5.550000000000000000e+02,7.922719999999999345e+02,nan
7.801875887694046696e+01,6.860523036748169545e+01,5.560000000000000000e+02,7.922719999999999345e+02,nan
7.801873954015518109e+01,6.860532029518191166e+01,5.570000000000000000e+02,7.922719999999999345e+02,nan
7.801872042435685728e+01,6.860541131005943782e+01,5.580000000000000000e+02,7.922719999999999345e+02,nan
7.801870180392684517e+01,6.860550465955600430e+01,5.590000000000000000e+02,7.922719999999999345e+02,nan
7.801868283730665610e+01,6.860559606655692733e+01,5.600000000000000000e+02,7.929479999999999791e+02,nan
7.801866155701149808e+01,6.860567516259381193e+01,5.610000000000000000e+02,7.929479999999999791e+02,nan
7.801864449407086965e+01,6.860577462780696578e+01,5.620000000000000000e+02,7.929479999999999791e+02,nan
7.801862398117368969e+01,6.860585593714857566e+01,5.630000000000000000e+02,7.929479999999999791e+02,nan
7.801860154636935363e+01,6.860592725118621615e+01,5.640000000000000000e+02,7.929479999999999791e+02,nan
7.801857825282870351e+01,6.860599182955837705e+01,5.650000000000000000e+02,7.929479999999999791e+02,nan
7.801855558602171925e+01,6.860606080248926730e+01,5.660000000000000000e+02,7.929479999999999791e+02,nan
7.801853461019217661e+01,6.860614176183139534e+01,5.670000000000000000e+02,7.936239999999999100e+02,nan
7.801851328837651067e+01,6.860622059369845260e+01,5.680000000000000000e+02,7.936239999999999100e+02,nan
7.801849204483436040e+01,6.860629990613742279e+01,5.690000000000000000e+02,7.936239999999999100e+02,nan
7.801847108461463165e+01,6.860638095873028419e+01,5.700000000000000000e+02,7.936239999999999100e+02,nan
7.801844734039411833e+01,6.860643453075473985e+01,5.710000000000000000e+02,7.936239999999999100e+02,nan
7.801842364332466673e+01,6.860648783377317272e+01,5.720000000000000000e+02,7.936239999999999100e+02,nan
7.801840301156364887e+01,6.860657073290082053e+01,5.730000000000000000e+02,7.936239999999999100e+02,nan
7.801838002560330665e+01,6.860663785190497777e+01,5.740000000000000000e+02,7.936239999999999100e+02,nan
7.801836145902507269e+01,6.860672971909833961e+01,5.750000000000000000e+02,7.936239999999999100e+02,nan
7.801834201163691773e+01,6.860681883115505286e+01,5.760000000000000000e+02,7.936239999999999100e+02,nan
7.801832147750778290e+01,6.860690230027856273e+01,5.770000000000000000e+02,7.929479999999999791e+02,nan
7.801830201209118343e+01,6.860699140396509677e+01,5.780000000000000000e+02,7.929479999999999791e+02,nan
7.801828400747093895e+01,6.860708752863202164e+01,5.790000000000000000e+02,7.929479999999999791e+02,nan
7.801826651790118206e+01,6.860718579304101183e+01,5.800000000000000000e+02,7.929479999999999791e+02,nan
7.801824937249018888e+01,6.860728549305049739e+01,5.810000000000000000e+02,7.929479999999999791e+02,nan
7.801823152956143304e+01,6.860738189753233485e+01,5.820000000000000000e+02,7.929479999999999791e+02,nan
7.801821190250566929e+01,6.860746933200051956e+01,5.830000000000000000e+02,7.929479999999999791e+02,nan
7.801819647259831925e+01,6.860757517876956513e+01,5.840000000000000000e+02,7.922719999999999345e+02,nan
7.801818267911359328e+01,6.860768621915548238e+01,5.850000000000000000e+02,7.922719999999999345e+02,nan
7.801817171509344462e+01,6.860780441129274720e+01,5.860000000000000000e+02,7.922719999999999345e+02,nan
7.801815725033824833e+01,6.860791195563891165e+01,5.870000000000000000e+02,7.922719999999999345e+02,nan
7.801814051591072996e+01,6.860801317524195042e+01,5.880000000000000000e+02,7.922719999999999345e+02,nan
7.801812323862114340e+01,6.860811206636549286e+01,5.890000000000000000e+02,7.915960000000000036e+02,nan
7.801810641272930980e+01,6.860821253177302026e+01,5.900000000000000000e+02,7.915960000000000036e+02,nan
7.801809271485183217e+01,6.860832348007575376e+01,5.910000000000000000e+02,7.915960000000000036e+02,nan
7.801808011194621884e+01,6.860843763601275214e+01,5.920000000000000000e+02,7.915960000000000036e+02,nan
7.801806490147835405e+01,6.860854388495994272e+01,5.930000000000000000e+02,7.915960000000000036e+02,nan
7.801804792063639127e+01,6.860864390720594486e+01,5.940000000000000000e+02,7.909199999999999591e+02,nan
7.801803257237629907e+01,6.860875012557724517e+01,5.950000000000000000e+02,7.909199999999999591e+02,nan
7.801801619842116509e+01,6.860885278767680973e+01,5.960000000000000000e+02,7.909199999999999591e+02,nan
7.801799627266025539e+01,6.860893953704521664e+01,5.970000000000000000e+02,7.902439999999999145e+02,nan
7.801797883624547580e+01,6.860903687039170507e+01,5.980000000000000000e+02,7.902439999999999145e+02,nan
7.801796235825682402e+01,6.860913890813571925e+01,5.990000000000000000e+02,7.902439999999999145e+02,nan
7.801794385368928886e+01,6.860923260622223552e+01,6.000000000000000000e+02,7.902439999999999145e+02,nan
7.801792411894379597e+01,6.860932041517570212e+01,6.010000000000000000e+02,7.895679999999999836e+02,nan
7.801790346418007971e+01,6.860940326245999188e+01,6.020000000000000000e+02,7.895679999999999836e+02,nan
7.801788282002129904e+01,6.860948617087099421e+01,6.030000000000000000e+02,7.895679999999999836e+02,nan
7.801786390026256868e+01,6.860957799868717188e+01,6.040000000000000000e+02,7.895679999999999836e+02,nan
7.801784323000165955e+01,6.860966022169212408e+01,6.050000000000000000e+02,7.895679999999999836e+02,nan
7.801782211953285184e+01,6.860974029969366939e+01,6.060000000000000000e+02,7.895679999999999836e+02,nan
7.801780143593229866e+01,6.860982297902506843e+01,6.070000000000000000e+02,7.895679999999999836e+02,nan
7.801778086104221188e+01,6.860990618942503261e+01,6.080000000000000000e+02,7.902439999999999145e+02,nan
7.801775499595662211e+01,6.860994144829791708e+01,6.090000000000000000e+02,7.902439999999999145e+02,nan
7.801773303805329363e+01,6.861001167882645291e+01,6.100000000000000000e+02,7.902439999999999145e+02,nan
7.801771451253300427e+01,6.861010469116926913e+01,6.110000000000000000e+02,7.909199999999999591e+02,nan
7.801769710177380546e+01,6.861020323487726102e+01,6.120000000000000000e+02,7.909199999999999591e+02,nan
7.801767815142106599e+01,6.861029478249457725e+01,6.130000000000000000e+02,7.909199999999999591e+02,nan
7.801765853772155879e+01,6.861038323931185801e+01,6.140000000000000000e+02,7.909199999999999591e+02,nan
7.801763964379330218e+01,6.861047525374158340e+01,6.150000000000000000e+02,7.909199999999999591e+02,nan
7.801762199049687752e+01,6.861057279168161926e+01,6.160000000000000000e+02,7.915960000000000036e+02,nan
7.801760152984596175e+01,6.861065674635248968e+01,6.170000000000000000e+02,7.915960000000000036e+02,nan
7.801758471877438694e+01,6.861075673820627685e+01,6.180000000000000000e+02,7.922719999999999345e+02,nan
7.801756612217937459e+01,6.861085008347792780e+01,6.190000000000000000e+02,7.922719999999999345e+02,nan
7.801755017855174401e+01,6.861095430036097298e+01,6.200000000000000000e+02,7.929479999999999791e+02,nan
7.801753270127812812e+01,6.861105252794222054e+01,6.210000000000000000e+02,7.929479999999999791e+02,nan
7.801751553735836353e+01,6.861115163219389501e+01,6.220000000000000000e+02,7.929479999999999791e+02,nan
7.801750245573961706e+01,6.861126471272510230e+01,6.230000000000000000e+02,7.936239999999999100e+02,nan
7.801748725829317266e+01,6.861137133814904132e+01,6.240000000000000000e+02,7.936239999999999100e+02,nan
7.801747091364062214e+01,6.861147407826048550e+01,6.250000000000000000e+02,7.936239999999999100e+02,nan
7.801745535899145523e+01,6.861157945722798956e+01,6.260000000000000000e+02,7.936239999999999100e+02,nan
7.801743965777073697e+01,6.861168407096818100e+01,6.270000000000000000e+02,7.936239999999999100e+02,nan
7.801742195620113307e+01,6.861178148526632015e+01,6.280000000000000000e+02,7.936239999999999100e+02,nan
7.801739977550877825e+01,6.861185376379617651e+01,6.290000000000000000e+02,7.936239999999999100e+02,nan
7.801737736334379747e+01,6.861192522702518204e+01,6.300000000000000000e+02,7.936239999999999100e+02,nan
7.801735521820424424e+01,6.861199859309519411e+01,6.310000000000000000e+02,7.936239999999999100e+02,nan
7.801733348149892322e+01,6.861207455271330957e+01,6.320000000000000000e+02,7.942999999999999545e+02,nan
7.801731331136059566e+01,6.861216011984652141e+01,6.330000000000000000e+02,7.942999999999999545e+02,nan
7.801729180808820274e+01,6.861223723120212981e+01,6.340000000000000000e+02,7.942999999999999545e+02,nan
7.801726892903046462e+01,6.861230485867037032e+01,6.350000000000000000e+02,7.942999999999999545e+02,nan
7.801724470410756851e+01,6.861236096509800575e+01,6.360000000000000000e+02,7.942999999999999545e+02,nan
7.801722388427879196e+01,6.861244205841539667e+01,6.370000000000000000e+02,7.942999999999999545e+02,nan
7.801720461543231977e+01,6.861253199008649517e+01,6.380000000000000000e+02,7.949759999999999991e+02,nan
7.801718613228473487e+01,6.861262585725522456e+01,6.390000000000000000e+02,7.949759999999999991e+02,nan
7.801716630720179069e+01,6.861271327311800405e+01,6.400000000000000000e+02,7.949759999999999991e+02,nan
7.801714624659612696e+01,6.861279942918950780e+01,6.410000000000000000e+02,7.949759999999999991e+02,nan
7.801712595281797746e+01,6.861288431137145949e+01,6.420000000000000000e+02,7.956519999999999300e+02,nan
7.801710796883101295e+01,6.861298012314658479e+01,6.430000000000000000e+02,7.956519999999999300e+02,nan
7.801709051024128883e+01,6.861307854254289396e+01,6.440000000000000000e+02,7.956519999999999300e+02,nan
7.801707247146340762e+01,6.861317448251664075e+01,6.450000000000000000e+02,7.956519999999999300e+02,nan
7.801705493439656891e+01,6.861327244000862891e+01,6.460000000000000000e+02,7.956519999999999300e+02,nan
7.801703767011019863e+01,6.861337117957431531e+01,6.470000000000000000e+02,7.956519999999999300e+02,nan
7.801701711500072633e+01,6.861345459353469778e+01,6.480000000000000000e+02,7.956519999999999300e+02,nan
7.801699754219350780e+01,6.861354328677425940e+01,6.490000000000000000e+02,7.956519999999999300e+02,nan
7.801697788854487214e+01,6.861363157394454504e+01,6.500000000000000000e+02,7.956519999999999300e+02,nan
7.801695784735055383e+01,6.861371783821570602e+01,6.510000000000000000e+02,7.963279999999999745e+02,nan
7.801693842628041864e+01,6.861380730222541047e+01,6.520000000000000000e+02,7.963279999999999745e+02,nan
7.801691904768161123e+01,6.861389700154762750e+01,6.530000000000000000e+02,7.970040000000000191e+02,nan
7.801689948608670022e+01,6.861398578109371726e+01,6.540000000000000000e+02,7.970040000000000191e+02,nan
7.801688213705170938e+01,6.861408445774017650e+01,6.550000000000000000e+02,7.970040000000000191e+02,nan
7.801686303148849788e+01,6.861417321918307266e+01,6.560000000000000000e+02,7.970040000000000191e+02,nan
7.801684155585844849e+01,6.861424879001535260e+01,6.570000000000000000e+02,7.970040000000000191e+02,nan
7.801682563718968311e+01,6.861435308913316078e+01,6.580000000000000000e+02,7.970040000000000191e+02,nan
7.801681055120498343e+01,6.861446020322919992e+01,6.590000000000000000e+02,7.970040000000000191e+02,nan
7.801679747992487535e+01,6.861457297123814669e+01,6.600000000000000000e+02,7.963279999999999745e+02,nan
7.801678334817829352e+01,6.861468046869271120e+01,6.610000000000000000e+02,7.963279999999999745e+02,nan
7.801676274575265779e+01,6.861476360984231349e+01,6.620000000000000000e+02,7.963279999999999745e+02,nan
7.801674334538489575e+01,6.861485315793056827e+01,6.630000000000000000e+02,7.956519999999999300e+02,nan
7.801672399965016780e+01,6.861494299502219008e+01,6.640000000000000000e+02,7.956519999999999300e+02,nan
7.801670331086981491e+01,6.861502563709017011e+01,6.650000000000000000e+02,7.949759999999999991e+02,nan
7.801668441842730317e+01,6.861511711574367212e+01,6.660000000000000000e+02,7.949759999999999991e+02,nan
7.801666682450431267e+01,6.861521497491631294e+01,6.670000000000000000e+02,7.949759999999999991e+02,nan
7.801664932928831320e+01,6.861531324349968486e+01,6.680000000000000000e+02,7.929479999999999791e+02,nan
7.801662914365483914e+01,6.861539738943227462e+01,6.690000000000000000e+02,7.922719999999999345e+02,nan
7.801660775753120447e+01,6.861547558546537573e+01,6.700000000000000000e+02,7.922719999999999345e+02,nan
7.801658765870983814e+01,6.861556153570145966e+01,6.710000000000000000e+02,7.915960000000000036e+02,nan
7.801656759456311363e+01,6.861564767318826341e+01,6.720000000000000000e+02,7.915960000000000036e+02,nan
7.801654815588953795e+01,6.861573684885401292e+01,6.730000000000000000e+02,7.909199999999999591e+02,nan
7.801652991899786116e+01,6.861583179512147979e+01,6.740000000000000000e+02,7.909199999999999591e+02,nan
7.801651002462529050e+01,6.861591761113155030e+01,6.750000000000000000e+02,7.902439999999999145e+02,nan
7.801649668914886604e+01,6.861602999269642567e+01,6.760000000000000000e+02,7.902439999999999145e+02,nan
7.801648267130485692e+01,6.861613999933753405e+01,6.770000000000000000e+02,7.902439999999999145e+02,nan
7.801646360328938101e+01,6.861622977179315797e+01,6.780000000000000000e+02,7.895679999999999836e+02,nan
7.801644272243625267e+01,6.861630240416111803e+01,6.790000000000000000e+02,7.895679999999999836e+02,nan
7.801643045560021505e+01,6.861641661418290994e+01,6.800000000000000000e+02,7.895679999999999836e+02,nan
7.801641392264967578e+01,6.861651804113519404e+01,6.810000000000000000e+02,7.895679999999999836e+02,nan
7.801639174780882513e+01,6.861658827650001058e+01,6.820000000000000000e+02,7.902439999999999145e+02,nan
7.801636954536481028e+01,6.861666050925431648e+01,6.830000000000000000e+02,7.902439999999999145e+02,nan
7.801634828122833198e+01,6.861673968646317689e+01,6.840000000000000000e+02,7.902439999999999145e+02,nan
7.801632604999922194e+01,6.861681121885824552e+01,6.850000000000000000e+02,7.909199999999999591e+02,nan
7.801630445545561088e+01,6.861688400489536832e+01,6.860000000000000000e+02,7.909199999999999591e+02,nan
7.801628657810135792e+01,6.861698063176359597e+01,6.870000000000000000e+02,7.909199999999999591e+02,nan
7.801626764148655013e+01,6.861707249449077040e+01,6.880000000000000000e+02,7.909199999999999591e+02,nan
7.801624810083431782e+01,6.861716136138227284e+01,6.890000000000000000e+02,7.909199999999999591e+02,nan
7.801623063895279131e+01,6.861725943361241775e+01,6.900000000000000000e+02,7.902439999999999145e+02,nan
7.801621132984109863e+01,6.861734833312726778e+01,6.910000000000000000e+02,7.902439999999999145e+02,nan
7.801619085473295456e+01,6.861743186656069327e+01,6.920000000000000000e+02,7.902439999999999145e+02,nan
7.801617196293160816e+01,6.861752376440998091e+01,6.930000000000000000e+02,7.902439999999999145e+02,nan
7.801615098525461178e+01,6.861760469680578467e+01,6.940000000000000000e+02,7.902439999999999145e+02,nan
7.801613161259678009e+01,6.861769428492642930e+01,6.950000000000000000e+02,7.902439999999999145e+02,nan
7.801611437687022033e+01,6.861779296603781120e+01,6.960000000000000000e+02,7.895679999999999836e+02,nan
7.801609958472644735e+01,6.861790085136894390e+01,6.970000000000000000e+02,7.888919999999999391e+02,nan
7.801608636960069987e+01,6.861801354482871318e+01,6.980000000000000000e+02,7.882160000000000082e+02,nan
7.801607241558934902e+01,6.861812413461275639e+01,6.990000000000000000e+02,7.882160000000000082e+02,nan
7.801605706644062366e+01,6.861823038777167483e+01,7.000000000000000000e+02,7.882160000000000082e+02,nan
7.801603891123262713e+01,6.861832553845148652e+01,7.010000000000000000e+02,7.882160000000000082e+02,nan
7.801602232874714105e+01,6.861842698160687348e+01,7.020000000000000000e+02,7.875399999999999636e+02,nan
7.801600652314809281e+01,6.861853164948985295e+01,7.030000000000000000e+02,7.875399999999999636e+02,nan
7.801598977572595572e+01,6.861863277417089080e+01,7.040000000000000000e+02,7.875399999999999636e+02,nan
7.801597177120629567e+01,6.861872888105514789e+01,7.050000000000000000e+02,7.868639999999999191e+02,nan
7.801595070955565348e+01,6.861880908283117719e+01,7.060000000000000000e+02,7.868639999999999191e+02,nan
7.801592773564490813e+01,6.861887408891210782e+01,7.070000000000000000e+02,7.868639999999999191e+02,nan
7.801590289426336255e+01,6.861892354686634121e+01,7.080000000000000000e+02,7.868639999999999191e+02,nan
7.801588037116516716e+01,6.861899415923866741e+01,7.090000000000000000e+02,7.868639999999999191e+02,nan
7.801585735241140185e+01,6.861906069983317025e+01,7.100000000000000000e+02,7.868639999999999191e+02,nan
7.801583448409419930e+01,6.861912730698786334e+01,7.110000000000000000e+02,7.875399999999999636e+02,nan
7.801581420512673049e+01,6.861921226518838068e+01,7.120000000000000000e+02,7.875399999999999636e+02,nan
7.801579386590546505e+01,6.861929688822637274e+01,7.130000000000000000e+02,7.875399999999999636e+02,nan
7.801577350309702297e+01,6.861938138006048860e+01,7.140000000000000000e+02,7.875399999999999636e+02,nan
7.801575162162953347e+01,6.861945646435404456e+01,7.150000000000000000e+02,7.875399999999999636e+02,nan
7.801572919462179811e+01,6.861952740890862401e+01,7.160000000000000000e+02,7.882160000000000082e+02,nan
7.801570511188566570e+01,6.861958490982355841e+01,7.170000000000000000e+02,7.882160000000000082e+02,nan
7.801568468123556954e+01,6.861966877623692085e+01,7.180000000000000000e+02,7.888919999999999391e+02,nan
7.801566522883913990e+01,6.861975795442225490e+01,7.190000000000000000e+02,7.888919999999999391e+02,nan
7.801564641801262212e+01,6.861985040963462268e+01,7.200000000000000000e+02,7.895679999999999836e+02,nan
7.801562816017258228e+01,6.861994538095538587e+01,7.210000000000000000e+02,7.895679999999999836e+02,nan
7.801561078821629280e+01,6.862004408415708667e+01,7.220000000000000000e+02,7.888919999999999391e+02,nan
7.801559399213341806e+01,6.862014512962285551e+01,7.230000000000000000e+02,7.888919999999999391e+02,nan
7.801557978454815157e+01,6.862025408218839573e+01,7.240000000000000000e+02,7.888919999999999391e+02,nan
7.801556759051186418e+01,6.862036934341395522e+01,7.250000000000000000e+02,7.888919999999999391e+02,nan
7.801555514804238101e+01,6.862048388538306654e+01,7.260000000000000000e+02,7.882160000000000082e+02,nan
7.801554092882358304e+01,6.862059082755524742e+01,7.270000000000000000e+02,7.882160000000000082e+02,nan
7.801552144900036012e+01,6.862067996190125996e+01,7.280000000000000000e+02,7.882160000000000082e+02,nan
7.801550192517910887e+01,6.862076873070166982e+01,7.290000000000000000e+02,7.888919999999999391e+02,nan
7.801548155182776156e+01,6.862085271055394742e+01,7.300000000000000000e+02,7.888919999999999391e+02,nan
7.801546490715747950e+01,6.862095433681541579e+01,7.310000000000000000e+02,7.888919999999999391e+02,nan
7.801544901655272213e+01,6.862105867803586534e+01,7.320000000000000000e+02,7.888919999999999391e+02,nan
7.801543274720481236e+01,6.862116124315708987e+01,7.330000000000000000e+02,7.888919999999999391e+02,nan
7.801541326256106856e+01,6.862125040325457803e+01,7.340000000000000000e+02,7.888919999999999391e+02,nan
7.801539371783482579e+01,6.862133925708657500e+01,7.350000000000000000e+02,7.882160000000000082e+02,nan
7.801537443843113806e+01,6.862142934409162365e+01,7.360000000000000000e+02,7.902439999999999145e+02,nan
7.801535643407471809e+01,6.862152544681526933e+01,7.370000000000000000e+02,7.902439999999999145e+02,nan
7.801533761438530234e+01,6.862161781811970229e+01,7.380000000000000000e+02,7.902439999999999145e+02,nan
7.801531859087182852e+01,6.862170925661139620e+01,7.390000000000000000e+02,7.902439999999999145e+02,nan
7.801529842220617184e+01,6.862179479445096320e+01,7.400000000000000000e+02,7.902439999999999145e+02,nan
7.801528046958632956e+01,6.862188970650458941e+01,7.410000000000000000e+02,7.902439999999999145e+02,nan
7.801526538098482888e+01,6.862199681432366560e+01,7.420000000000000000e+02,7.895679999999999836e+02,nan
7.801525091561462943e+01,6.862210588832135727e+01,7.430000000000000000e+02,7.895679999999999836e+02,nan
7.801523477594314215e+01,6.862220924088312302e+01,7.440000000000000000e+02,7.895679999999999836e+02,nan
7.801521858228099404e+01,6.862231248414377660e+01,7.450000000000000000e+02,7.895679999999999836e+02,nan
7.801520314247382260e+01,6.862241842497452637e+01,7.460000000000000000e+02,7.895679999999999836e+02,nan
7.801518350958210135e+01,6.862250664906667907e+01,7.470000000000000000e+02,7.895679999999999836e+02,nan
7.801516354676584797e+01,6.862259331647074134e+01,7.480000000000000000e+02,7.895679999999999836e+02,nan
7.801514352527438234e+01,6.862267967098905785e+01,7.490000000000000000e+02,7.895679999999999836e+02,nan
7.801512373915791443e+01,6.862276727662317910e+01,7.500000000000000000e+02,7.895679999999999836e+02,nan
7.801510228688273685e+01,6.862284511179770163e+01,7.510000000000000000e+02,7.895679999999999836e+02,nan
7.801508249861173283e+01,6.862293254336135817e+01,7.520000000000000000e+02,7.895679999999999836e+02,nan
7.801506255063912931e+01,6.862301921944953165e+01,7.530000000000000000e+02,7.895679999999999836e+02,nan
7.801504234093491164e+01,6.862310432788230230e+01,7.540000000000000000e+02,7.888919999999999391e+02,nan
7.801502466883239606e+01,6.862320184692977421e+01,7.550000000000000000e+02,7.888919999999999391e+02,nan
7.801500437352896711e+01,6.862328628226553917e+01,7.560000000000000000e+02,7.888919999999999391e+02,nan
7.801498402569728796e+01,6.862337079121847694e+01,7.570000000000000000e+02,7.888919999999999391e+02,nan
7.801496302879868949e+01,6.862345151497741824e+01,7.580000000000000000e+02,7.888919999999999391e+02,nan
7.801494419016171378e+01,6.862354223121442942e+01,7.590000000000000000e+02,7.882160000000000082e+02,nan
7.801492623072485344e+01,6.862363810014194598e+01,7.600000000000000000e+02,7.882160000000000082e+02,nan
7.801490697668843666e+01,6.862372839364859090e+01,7.610000000000000000e+02,7.882160000000000082e+02,nan
7.801488744420807109e+01,6.862381730100307209e+01,7.620000000000000000e+02,7.882160000000000082e+02,nan
7.801486823212552224e+01,6.862390781763082259e+01,7.630000000000000000e+02,7.875399999999999636e+02,nan
7.801484900180263082e+01,6.862399824423326322e+01,7.640000000000000000e+02,7.875399999999999636e+02,nan
7.801482973228561946e+01,6.862408847660421429e+01,7.650000000000000000e+02,7.875399999999999636e+02,nan
7.801481031015644874e+01,6.862417794787931768e+01,7.660000000000000000e+02,7.875399999999999636e+02,nan
7.801479173998791339e+01,6.862427147401571403e+01,7.670000000000000000e+02,7.868639999999999191e+02,nan
7.801477558607891183e+01,6.862437439747941426e+01,7.680000000000000000e+02,7.868639999999999191e+02,nan
7.801476020195337924e+01,6.862448043099567485e+01,7.690000000000000000e+02,7.868639999999999191e+02,nan
7.801474375494368019e+01,6.862458279433535324e+01,7.700000000000000000e+02,7.868639999999999191e+02,nan
7.801472739559891068e+01,6.862468547048919731e+01,7.710000000000000000e+02,7.868639999999999191e+02,nan
7.801471233976013764e+01,6.862479268018680045e+01,7.720000000000000000e+02,7.868639999999999191e+02,nan
7.801469608333614758e+01,6.862489533600668778e+01,7.730000000000000000e+02,7.868639999999999191e+02,nan
7.801467795481337930e+01,6.862499089086540494e+01,7.740000000000000000e+02,7.868639999999999191e+02,nan
7.801465920191662917e+01,6.862508360761859194e+01,7.750000000000000000e+02,7.868639999999999191e+02,nan
7.801464149238913137e+01,6.862518073547146003e+01,7.760000000000000000e+02,7.868639999999999191e+02,nan
7.801462367152254274e+01,6.862527719785717295e+01,7.770000000000000000e+02,7.868639999999999191e+02,nan
7.801460415529926706e+01,6.862536619183532594e+01,7.780000000000000000e+02,7.868639999999999191e+02,nan
7.801458590397152193e+01,6.862546103633596317e+01,7.790000000000000000e+02,7.868639999999999191e+02,nan
7.801456767365324652e+01,6.862555605297561101e+01,7.800000000000000000e+02,7.868639999999999191e+02,nan
7.801454873111397603e+01,6.862564787444223668e+01,7.810000000000000000e+02,7.868639999999999191e+02,nan
7.801452770561360239e+01,6.862572804124553727e+01,7.820000000000000000e+02,7.868639999999999191e+02,nan
7.801450629509494661e+01,6.862580626839393005e+01,7.830000000000000000e+02,7.861879999999999882e+02,nan
7.801448508831700224e+01,6.862588579381123566e+01,7.840000000000000000e+02,7.861879999999999882e+02,nan
7.801446482986264641e+01,6.862597083694713263e+01,7.850000000000000000e+02,7.861879999999999882e+02,nan
7.801444444527976430e+01,6.862605515130854883e+01,7.860000000000000000e+02,7.861879999999999882e+02,nan
7.801442331662559582e+01,6.862613515676120812e+01,7.870000000000000000e+02,7.861879999999999882e+02,nan
7.801440537602485392e+01,6.862623126164329790e+01,7.880000000000000000e+02,7.861879999999999882e+02,nan
7.801438657313003944e+01,6.862632361553626481e+01,7.890000000000000000e+02,7.861879999999999882e+02,nan
7.801436708586371083e+01,6.862641269551910739e+01,7.900000000000000000e+02,7.861879999999999882e+02,nan
7.801434668798093242e+01,6.862649698111020768e+01,7.910000000000000000e+02,7.861879999999999882e+02,nan
7.801432977369212551e+01,6.862659726665731341e+01,7.920000000000000000e+02,7.861879999999999882e+02,nan
7.801431265332720955e+01,6.862669698190239842e+01,7.930000000000000000e+02,7.855119999999999436e+02,nan
7.801429514746671146e+01,6.862679517228150416e+01,7.940000000000000000e+02,7.855119999999999436e+02,nan
7.801427864258880618e+01,6.862689731567685669e+01,7.950000000000000000e+02,7.855119999999999436e+02,nan
7.801426084194493171e+01,6.862699387039150167e+01,7.960000000000000000e+02,7.855119999999999436e+02,nan
7.801424155802489224e+01,6.862708402768780047e+01,7.970000000000000000e+02,7.855119999999999436e+02,nan
7.801422320982209158e+01,6.862717854680046514e+01,7.980000000000000000e+02,7.855119999999999436e+02,nan
7.801420440198381812e+01,6.862727076043994145e+01,7.990000000000000000e+02,7.855119999999999436e+02,nan
7.801418424083873049e+01,6.862735635476254004e+01,8.000000000000000000e+02,7.855119999999999436e+02,nan
7.801416524636002237e+01,6.862744791030675628e+01,8.010000000000000000e+02,7.855119999999999436e+02,nan
7.801414635760264105e+01,6.862753998191611515e+01,8.020000000000000000e+02,7.855119999999999436e+02,nan
7.801412768359134020e+01,6.862763306614587577e+01,8.030000000000000000e+02,7.855119999999999436e+02,nan
7.801411105247795774e+01,6.862773387068894237e+01,8.040000000000000000e+02,7.855119999999999436e+02,nan
7.801409610595030131e+01,6.862784057790602787e+01,8.050000000000000000e+02,7.848360000000000127e+02,nan
7.801407419623852491e+01,6.862791555464693261e+01,8.060000000000000000e+02,7.848360000000000127e+02,nan
7.801405403822336382e+01,6.862800105658762106e+01,8.070000000000000000e+02,7.848360000000000127e+02,nan
7.801403721949378678e+01,6.862810149885743272e+01,8.080000000000000000e+02,7.848360000000000127e+02,nan
7.801402044309233474e+01,6.862820237666784351e+01,8.090000000000000000e+02,7.841599999999999682e+02,nan
7.801400255401516404e+01,6.862829872009760379e+01,8.100000000000000000e+02,7.841599999999999682e+02,nan
7.801398674791795429e+01,6.862840333821914385e+01,8.110000000000000000e+02,7.841599999999999682e+02,nan
7.801396882083449213e+01,6.862849976419832387e+01,8.120000000000000000e+02,7.841599999999999682e+02,nan
7.801394811458445133e+01,6.862858181763347432e+01,8.130000000000000000e+02,7.834839999999999236e+02,nan
7.801392699504610562e+01,6.862866181247181885e+01,8.140000000000000000e+02,7.834839999999999236e+02,nan
7.801390714363867573e+01,6.862874906633234673e+01,8.150000000000000000e+02,7.834839999999999236e+02,nan
7.801388716296168013e+01,6.862883562164826401e+01,8.160000000000000000e+02,7.834839999999999236e+02,nan
7.801386687471516268e+01,6.862892051492556789e+01,8.170000000000000000e+02,7.828079999999999927e+02,nan
7.801384728524320167e+01,6.862900909983856934e+01,8.180000000000000000e+02,7.828079999999999927e+02,nan
7.801382811121365535e+01,6.862909975600055645e+01,8.190000000000000000e+02,7.828079999999999927e+02,nan
7.801380951481100112e+01,6.862919319718426436e+01,8.200000000000000000e+02,7.828079999999999927e+02,nan
7.801378807097395907e+01,6.862927078978057693e+01,8.210000000000000000e+02,7.821319999999999482e+02,nan
7.801376786412981801e+01,6.862935492423478934e+01,8.220000000000000000e+02,7.821319999999999482e+02,nan
7.801374999878261463e+01,6.862945161365936997e+01,8.230000000000000000e+02,7.821319999999999482e+02,nan
7.801373103023490785e+01,6.862954326409433747e+01,8.240000000000000000e+02,7.814560000000000173e+02,nan
7.801371256681701993e+01,6.862963708826957543e+01,8.250000000000000000e+02,7.814560000000000173e+02,nan
7.801369562911490618e+01,6.862973757144712295e+01,8.260000000000000000e+02,7.814560000000000173e+02,nan
7.801367794299767411e+01,6.862983497067904182e+01,8.270000000000000000e+02,7.814560000000000173e+02,nan
7.801365963231356204e+01,6.862992963645758948e+01,8.280000000000000000e+02,7.814560000000000173e+02,nan
7.801364029518497034e+01,6.863001952480686896e+01,8.290000000000000000e+02,7.814560000000000173e+02,nan
7.801362084772853223e+01,6.863010885893599777e+01,8.300000000000000000e+02,7.814560000000000173e+02,nan
7.801360197571176514e+01,6.863020056349621711e+01,8.310000000000000000e+02,7.807799999999999727e+02,nan
7.801358646448692014e+01,6.863030624818489400e+01,8.320000000000000000e+02,7.807799999999999727e+02,nan
7.801357140672330104e+01,6.863041342839561310e+01,8.330000000000000000e+02,7.807799999999999727e+02,nan
7.801355486483173252e+01,6.863051296552775682e+01,8.340000000000000000e+02,7.807799999999999727e+02,nan
7.801353217246389704e+01,6.863058223342736142e+01,8.350000000000000000e+02,7.801039999999999281e+02,nan
7.801351172617754060e+01,6.863066624099512580e+01,8.360000000000000000e+02,7.801039999999999281e+02,nan
7.801349015388407793e+01,6.863074299560761915e+01,8.370000000000000000e+02,7.801039999999999281e+02,nan
7.801346762474756247e+01,6.863081358690207878e+01,8.380000000000000000e+02,7.801039999999999281e+02,nan
7.801344592222824303e+01,6.863088993912734281e+01,8.390000000000000000e+02,7.794279999999999973e+02,nan
7.801342424925756802e+01,6.863096648942337197e+01,8.400000000000000000e+02,7.794279999999999973e+02,nan
7.801340257296791947e+01,6.863104301010180563e+01,8.410000000000000000e+02,7.794279999999999973e+02,nan
7.801338044309595432e+01,6.863111646898236984e+01,8.420000000000000000e+02,7.794279999999999973e+02,nan
7.801336038205276679e+01,6.863120102644246856e+01,8.430000000000000000e+02,7.794279999999999973e+02,nan
7.801334257271358297e+01,6.863129789366105626e+01,8.440000000000000000e+02,7.787520000000000664e+02,nan
7.801332370713420516e+01,6.863139007231471567e+01,8.450000000000000000e+02,7.787520000000000664e+02,nan
7.801330096667791736e+01,6.863145722599618637e+01,8.460000000000000000e+02,7.787520000000000664e+02,nan
7.801327788821583908e+01,6.863152326201688425e+01,8.470000000000000000e+02,7.787520000000000664e+02,nan
7.801325762225754090e+01,6.863160711188953655e+01,8.480000000000000000e+02,7.787520000000000664e+02,nan
7.801323902015741396e+01,6.863170052243530961e+01,8.490000000000000000e+02,7.787520000000000664e+02,nan
7.801321931847392932e+01,6.863178851449669082e+01,8.500000000000000000e+02,7.787520000000000664e+02,nan
7.801319940392832564e+01,6.863187540585593638e+01,8.510000000000000000e+02,7.787520000000000664e+02,nan
7.801317853672071578e+01,6.863195697766748538e+01,8.520000000000000000e+02,7.787520000000000664e+02,nan
7.801315851599802897e+01,6.863204301644030636e+01,8.530000000000000000e+02,7.780759999999999081e+02,nan
7.801313972757793636e+01,6.863213555816166433e+01,8.540000000000000000e+02,7.780759999999999081e+02,nan
7.801312250864833686e+01,6.863223491171119406e+01,8.550000000000000000e+02,7.780759999999999081e+02,nan
7.801310622387822491e+01,6.863233768968515847e+01,8.560000000000000000e+02,7.780759999999999081e+02,nan
7.801309101169690052e+01,6.863244437251528041e+01,8.570000000000000000e+02,7.780759999999999081e+02,nan
7.801307294808957238e+01,6.863253970098917023e+01,8.580000000000000000e+02,7.780759999999999081e+02,nan
7.801305402867635053e+01,6.863263162165051767e+01,8.590000000000000000e+02,7.780759999999999081e+02,nan
7.801303857703726408e+01,6.863273741869895161e+01,8.600000000000000000e+02,7.780759999999999081e+02,nan
7.801302049034464403e+01,6.863283238584817525e+01,8.610000000000000000e+02,7.780759999999999081e+02,nan
7.801300109816089901e+01,6.863292199428022400e+01,8.620000000000000000e+02,7.780759999999999081e+02,nan
7.801297796764434622e+01,6.863298681207896834e+01,8.630000000000000000e+02,7.780759999999999081e+02,nan
7.801295567813951948e+01,6.863305789045099914e+01,8.640000000000000000e+02,7.780759999999999081e+02,nan
7.801293510219721838e+01,6.863314115734945631e+01,8.650000000000000000e+02,7.780759999999999081e+02,nan
7.801291484072031324e+01,6.863322616632609652e+01,8.660000000000000000e+02,7.780759999999999081e+02,nan
7.801289483702328198e+01,6.863331260335380080e+01,8.670000000000000000e+02,7.780759999999999081e+02,nan
7.801287609688625935e+01,6.863340535519219543e+01,8.680000000000000000e+02,7.780759999999999081e+02,nan
7.801285661732683252e+01,6.863349417160034704e+01,8.690000000000000000e+02,7.780759999999999081e+02,nan
7.801283558404664120e+01,6.863357474685281545e+01,8.700000000000000000e+02,7.780759999999999081e+02,nan
7.801281498969655104e+01,6.863365788440617621e+01,8.710000000000000000e+02,7.780759999999999081e+02,nan
7.801279398386640196e+01,6.863373838711196129e+01,8.720000000000000000e+02,7.780759999999999081e+02,nan
7.801277188419064146e+01,6.863381205269786278e+01,8.730000000000000000e+02,7.780759999999999081e+02,nan
7.801275250024519892e+01,6.863390128287760206e+01,8.740000000000000000e+02,7.774000000000000909e+02,nan
7.801273359695787235e+01,6.863399327749752388e+01,8.750000000000000000e+02,7.774000000000000909e+02,nan
7.801271451844139904e+01,6.863408443040961515e+01,8.760000000000000000e+02,7.774000000000000909e+02,nan
7.801269732015782665e+01,6.863418287197741563e+01,8.770000000000000000e+02,7.774000000000000909e+02,nan
7.801268288422623698e+01,6.863429202170401311e+01,8.780000000000000000e+02,7.774000000000000909e+02,nan
7.801266737392506911e+01,6.863439752041814756e+01,8.790000000000000000e+02,7.774000000000000909e+02,nan
7.801265101187834716e+01,6.863450014917926012e+01,8.800000000000000000e+02,7.774000000000000909e+02,nan
7.801263571142699504e+01,6.863460653513011778e+01,8.810000000000000000e+02,7.774000000000000909e+02,nan
7.801262147961691085e+01,6.863471624555494088e+01,8.820000000000000000e+02,7.774000000000000909e+02,nan
7.801260745649273076e+01,6.863482662501790799e+01,8.830000000000000000e+02,7.774000000000000909e+02,nan
7.801259263767111918e+01,6.863493450368792992e+01,8.840000000000000000e+02,7.774000000000000909e+02,nan
7.801257656049938305e+01,6.863503820144562440e+01,8.850000000000000000e+02,7.774000000000000909e+02,nan
7.801255488012408534e+01,6.863511455962688501e+01,8.860000000000000000e+02,7.774000000000000909e+02,nan
7.801253243070162569e+01,6.863518499728499478e+01,8.870000000000000000e+02,7.774000000000000909e+02,nan
7.801250825809029266e+01,6.863524160249544082e+01,8.880000000000000000e+02,7.774000000000000909e+02,nan
7.801248849159253496e+01,6.863532854849749754e+01,8.890000000000000000e+02,7.774000000000000909e+02,nan
7.801247003689289272e+01,6.863542235058062602e+01,8.900000000000000000e+02,7.774000000000000909e+02,nan
7.801245293807777159e+01,6.863552218929979176e+01,8.910000000000000000e+02,7.774000000000000909e+02,nan
7.801243838407432918e+01,6.863563091183539200e+01,8.920000000000000000e+02,7.767239999999999327e+02,nan
7.801242035875768011e+01,6.863572351135778149e+01,8.930000000000000000e+02,7.767239999999999327e+02,nan
7.801239870289930423e+01,6.863579954770527536e+01,8.940000000000000000e+02,7.767239999999999327e+02,nan
7.801238262269220058e+01,6.863590323288069328e+01,8.950000000000000000e+02,7.767239999999999327e+02,nan
7.801236442704005469e+01,6.863599818168108868e+01,8.960000000000000000e+02,7.767239999999999327e+02,nan
7.801234685283154136e+01,6.863609597595716139e+01,8.970000000000000000e+02,7.767239999999999327e+02,nan
7.801232790589168076e+01,6.863618730478341945e+01,8.980000000000000000e+02,7.767239999999999327e+02,nan
7.801230837704143539e+01,6.863627606321904295e+01,8.990000000000000000e+02,7.767239999999999327e+02,nan
7.801229010045452128e+01,6.863637094352522183e+01,9.000000000000000000e+02,7.767239999999999327e+02,nan
7.801227222611983336e+01,6.863646757355665784e+01,9.010000000000000000e+02,7.767239999999999327e+02,nan
7.801225495659019771e+01,6.863656669931312138e+01,9.020000000000000000e+02,7.767239999999999327e+02,nan
7.801223767282913002e+01,6.863666577290433679e+01,9.030000000000000000e+02,7.767239999999999327e+02,nan
7.801222000311504701e+01,6.863676327955828071e+01,9.040000000000000000e+02,7.760480000000001155e+02,nan
7.801220355251048488e+01,6.863686557237038244e+01,9.050000000000000000e+02,7.760480000000001155e+02,nan
7.801218724689273643e+01,6.863696843220297694e+01,9.060000000000000000e+02,7.760480000000001155e+02,nan
7.801216860408365505e+01,6.863706164624835537e+01,9.070000000000000000e+02,7.760480000000001155e+02,nan
7.801215101687803610e+01,6.863715913878256458e+01,9.080000000000000000e+02,7.760480000000001155e+02,nan
7.801213510527544770e+01,6.863726342273915293e+01,9.090000000000000000e+02,7.760480000000001155e+02,nan
7.801212140667524864e+01,6.863737469277634773e+01,9.100000000000000000e+02,7.760480000000001155e+02,nan
7.801210450162712107e+01,6.863747461184313181e+01,9.110000000000000000e+02,7.760480000000001155e+02,nan
7.801208550533345942e+01,6.863756576579656610e+01,9.120000000000000000e+02,7.760480000000001155e+02,nan
7.801206477248118176e+01,6.863764808722800126e+01,9.130000000000000000e+02,7.760480000000001155e+02,nan
7.801204452088596497e+01,6.863773268585661924e+01,9.140000000000000000e+02,7.760480000000001155e+02,nan
7.801202586652152604e+01,6.863782584530319753e+01,9.150000000000000000e+02,7.760480000000001155e+02,nan
7.801200412052499189e+01,6.863790151935150163e+01,9.160000000000000000e+02,7.753719999999999573e+02,nan
7.801197958343651351e+01,6.863795235207162193e+01,9.170000000000000000e+02,7.753719999999999573e+02,nan
7.801195539468868390e+01,6.863800808270168829e+01,9.180000000000000000e+02,7.753719999999999573e+02,nan
7.801193246259231273e+01,6.863807518364907878e+01,9.190000000000000000e+02,7.753719999999999573e+02,nan
7.801191039924246695e+01,6.863814909587102875e+01,9.200000000000000000e+02,7.753719999999999573e+02,nan
7.801188836392243786e+01,6.863822320129207810e+01,9.210000000000000000e+02,7.753719999999999573e+02,nan
7.801186628425514868e+01,6.863829699898944625e+01,9.220000000000000000e+02,7.753719999999999573e+02,nan
7.801184525998073127e+01,6.863837566140769297e+01,9.230000000000000000e+02,7.753719999999999573e+02,nan
7.801183044797689092e+01,6.863848362989840268e+01,9.240000000000000000e+02,7.753719999999999573e+02,nan
7.801181160342383691e+01,6.863857494828340577e+01,9.250000000000000000e+02,7.753719999999999573e+02,nan
7.801179102072364913e+01,6.863865813694906137e+01,9.260000000000000000e+02,7.753719999999999573e+02,nan
7.801177230258352324e+01,6.863875030557255741e+01,9.270000000000000000e+02,7.753719999999999573e+02,nan
7.801175494218337292e+01,6.863884908726456047e+01,9.280000000000000000e+02,7.753719999999999573e+02,nan
7.801173768066252023e+01,6.863894826923856840e+01,9.290000000000000000e+02,7.746960000000001401e+02,nan
7.801171992486514739e+01,6.863904532214858989e+01,9.300000000000000000e+02,7.746960000000001401e+02,nan
7.801170135878885503e+01,6.863913888678168007e+01,9.310000000000000000e+02,7.746960000000001401e+02,nan
7.801168138160279852e+01,6.863922530977890801e+01,9.320000000000000000e+02,7.746960000000001401e+02,nan
7.801166121673898601e+01,6.863931085461030079e+01,9.330000000000000000e+02,7.753719999999999573e+02,nan
7.801164206591560912e+01,6.863940136620037435e+01,9.340000000000000000e+02,7.753719999999999573e+02,nan
7.801162429230552675e+01,6.863949842840615645e+01,9.350000000000000000e+02,7.753719999999999573e+02,nan
7.801160810261521306e+01,6.863960171154005252e+01,9.360000000000000000e+02,7.753719999999999573e+02,nan
7.801159245395638209e+01,6.863970687470568066e+01,9.370000000000000000e+02,7.753719999999999573e+02,nan
7.801157717790576385e+01,6.863981333264848672e+01,9.380000000000000000e+02,7.753719999999999573e+02,nan
7.801155700469919907e+01,6.863989763009753631e+01,9.390000000000000000e+02,7.753719999999999573e+02,nan
7.801153610154182161e+01,6.863997897204909293e+01,9.400000000000000000e+02,7.753719999999999573e+02,nan
7.801152041136640491e+01,6.864008150832944466e+01,9.410000000000000000e+02,7.753719999999999573e+02,nan
7.801150640436263473e+01,6.864019150354474164e+01,9.420000000000000000e+02,7.753719999999999573e+02,nan
7.801148832608609496e+01,6.864028672522090346e+01,9.430000000000000000e+02,7.753719999999999573e+02,nan
7.801146781495921800e+01,6.864037034505486190e+01,9.440000000000000000e+02,7.753719999999999573e+02,nan
7.801144673229693183e+01,6.864045061157635530e+01,9.450000000000000000e+02,7.753719999999999573e+02,nan
7.801142455030695544e+01,6.864052349919438711e+01,9.460000000000000000e+02,7.753719999999999573e+02,nan
7.801140205701439356e+01,6.864059432536954830e+01,9.470000000000000000e+02,7.746960000000001401e+02,nan
7.801138006237941624e+01,6.864066870722598424e+01,9.480000000000000000e+02,7.746960000000001401e+02,nan
7.801135896419947358e+01,6.864074851395120902e+01,9.490000000000000000e+02,7.746960000000001401e+02,nan
7.801133895473304847e+01,6.864083490899116669e+01,9.500000000000000000e+02,7.746960000000001401e+02,nan
7.801132031442229220e+01,6.864092804549773064e+01,9.510000000000000000e+02,7.746960000000001401e+02,nan
7.801130187710856490e+01,6.864102218639854414e+01,9.520000000000000000e+02,7.740199999999999818e+02,nan
7.801128283536131391e+01,6.864111302124015879e+01,9.530000000000000000e+02,7.740199999999999818e+02,nan
7.801126311213502618e+01,6.864119000143459459e+01,9.540000000000000000e+02,7.740199999999999818e+02,nan
7.801127675028196506e+01,6.864127818913567580e+01,9.550000000000000000e+02,7.733440000000000509e+02,nan
7.801129249964517953e+01,6.864136195933353690e+01,9.560000000000000000e+02,7.740199999999999818e+02,nan
7.801128204910934016e+01,6.864147666622510258e+01,9.570000000000000000e+02,7.746960000000001401e+02,nan
7.801126145624104424e+01,6.864155786111646762e+01,9.580000000000000000e+02,7.746960000000001401e+02,nan
7.801123857358696512e+01,6.864162561225097647e+01,9.590000000000000000e+02,nan,nan
7.801121412355790596e+01,6.864166760604422279e+01,9.600000000000000000e+02,nan,nan
